"","Periode","Gemeente","Aantal_werklozen_15_27","Leeftijd","Regio_type","Psychische_klachten","Hoog_risico_angst_depressie"
"1","2020","Nederland",2586000,"18 jaar of ouder","Land      ",NA,6.8
"2","2020","Aa en Hunze",2900,"18 jaar of ouder","Gemeente  ",NA,3.7
"3","2020","Aalsmeer",4500,"18 jaar of ouder","Gemeente  ",NA,4.9
"4","2020","Aalten",3600,"18 jaar of ouder","Gemeente  ",NA,5.4
"5","2020","Achtkarspelen",4000,"18 jaar of ouder","Gemeente  ",NA,4.6
"6","2020","Alblasserdam",2900,"18 jaar of ouder","Gemeente  ",NA,6.5
"7","2020","Albrandswaard",3300,"18 jaar of ouder","Gemeente  ",NA,5.5
"8","2020","Alkmaar",14800,"18 jaar of ouder","Gemeente  ",NA,6.9
"9","2020","Almelo",10800,"18 jaar of ouder","Gemeente  ",NA,7.7
"10","2020","Almere",32400,"18 jaar of ouder","Gemeente  ",NA,7.6
"11","2020","Alphen aan den Rijn",15700,"18 jaar of ouder","Gemeente  ",NA,5.9
"12","2020","Alphen-Chaam",1300,"18 jaar of ouder","Gemeente  ",NA,4.2
"13","2020","Altena",8100,"18 jaar of ouder","Gemeente  ",NA,4.9
"14","2020","Ameland",500,"18 jaar of ouder","Gemeente  ",NA,4
"15","2020","Amersfoort",22900,"18 jaar of ouder","Gemeente  ",NA,6.7
"16","2020","Amstelveen",12700,"18 jaar of ouder","Gemeente  ",NA,6.2
"17","2020","Amsterdam",148200,"18 jaar of ouder","Gemeente  ",NA,9.4
"18","2020","Apeldoorn",22600,"18 jaar of ouder","Gemeente  ",NA,6.7
"19","2020","Arnhem",26900,"18 jaar of ouder","Gemeente  ",NA,9.7
"20","2020","Assen",9700,"18 jaar of ouder","Gemeente  ",NA,5.5
"21","2020","Asten",2400,"18 jaar of ouder","Gemeente  ",NA,5.6
"22","2020","Baarle-Nassau",800,"18 jaar of ouder","Gemeente  ",NA,4.9
"23","2020","Baarn",2900,"18 jaar of ouder","Gemeente  ",NA,5.4
"24","2020","Barendrecht",7100,"18 jaar of ouder","Gemeente  ",NA,5.7
"25","2020","Barneveld",9600,"18 jaar of ouder","Gemeente  ",NA,5.2
"26","2020","Beek (L.)",1900,NA,NA,NA,NA
"27","2020","Beekdaelen",4200,"18 jaar of ouder","Gemeente  ",NA,7
"28","2020","Beesel",1700,"18 jaar of ouder","Gemeente  ",NA,6
"29","2020","Berg en Dal",4400,"18 jaar of ouder","Gemeente  ",NA,5.8
"30","2020","Bergeijk",2600,"18 jaar of ouder","Gemeente  ",NA,4.6
"31","2020","Bergen (L.)",1700,"18 jaar of ouder","Gemeente  ",NA,5.2
"32","2020","Bergen (NH.)",3500,"18 jaar of ouder","Gemeente  ",NA,4
"33","2020","Bergen op Zoom",8900,"18 jaar of ouder","Gemeente  ",NA,7.9
"34","2020","Berkelland",5900,"18 jaar of ouder","Gemeente  ",NA,4.4
"35","2020","Bernheze",4700,"18 jaar of ouder","Gemeente  ",NA,5.1
"36","2020","Best",4400,"18 jaar of ouder","Gemeente  ",NA,6.2
"37","2020","Beuningen",3400,"18 jaar of ouder","Gemeente  ",NA,5.6
"38","2020","Beverwijk",5600,"18 jaar of ouder","Gemeente  ",NA,7.3
"39","2020","De Bilt",5300,"18 jaar of ouder","Gemeente  ",NA,5.2
"40","2020","Bladel",2900,"18 jaar of ouder","Gemeente  ",NA,4.8
"41","2020","Blaricum",1200,"18 jaar of ouder","Gemeente  ",NA,4.3
"42","2020","Bloemendaal",2800,"18 jaar of ouder","Gemeente  ",NA,3.7
"43","2020","Bodegraven-Reeuwijk",5000,"18 jaar of ouder","Gemeente  ",NA,4.9
"44","2020","Boekel",1700,"18 jaar of ouder","Gemeente  ",NA,4.8
"45","2020","Borger-Odoorn",3100,"18 jaar of ouder","Gemeente  ",NA,4.7
"46","2020","Borne",3000,"18 jaar of ouder","Gemeente  ",NA,4.5
"47","2020","Borsele",3100,"18 jaar of ouder","Gemeente  ",NA,4.8
"48","2020","Boxtel",4600,"18 jaar of ouder","Gemeente  ",NA,6.2
"49","2020","Breda",30700,"18 jaar of ouder","Gemeente  ",NA,7.6
"50","2020","Bronckhorst",4800,"18 jaar of ouder","Gemeente  ",NA,4.4
"51","2020","Brummen",2600,"18 jaar of ouder","Gemeente  ",NA,6
"52","2020","Brunssum",3200,"18 jaar of ouder","Gemeente  ",NA,9.9
"53","2020","Bunnik",1800,"18 jaar of ouder","Gemeente  ",NA,4
"54","2020","Bunschoten",3400,"18 jaar of ouder","Gemeente  ",NA,5
"55","2020","Buren",3600,"18 jaar of ouder","Gemeente  ",NA,4.5
"56","2020","Capelle aan den IJssel",9200,"18 jaar of ouder","Gemeente  ",NA,7.4
"57","2020","Castricum",4800,"18 jaar of ouder","Gemeente  ",NA,4.2
"58","2020","Coevorden",4600,"18 jaar of ouder","Gemeente  ",NA,4.9
"59","2020","Cranendonck",2800,"18 jaar of ouder","Gemeente  ",NA,5.6
"60","2020","Culemborg",4000,"18 jaar of ouder","Gemeente  ",NA,6.4
"61","2020","Dalfsen",4100,"18 jaar of ouder","Gemeente  ",NA,3.7
"62","2020","Dantumadiel",2600,"18 jaar of ouder","Gemeente  ",NA,4.4
"63","2020","Delft",25600,"18 jaar of ouder","Gemeente  ",NA,8.4
"64","2020","Deurne",4500,"18 jaar of ouder","Gemeente  ",NA,5.6
"65","2020","Deventer",15200,"18 jaar of ouder","Gemeente  ",NA,7.9
"66","2020","Diemen",6400,"18 jaar of ouder","Gemeente  ",NA,7.7
"67","2020","Dijk en Waard",12200,"18 jaar of ouder","Gemeente  ",NA,5.8
"68","2020","Dinkelland",4200,"18 jaar of ouder","Gemeente  ",NA,3.8
"69","2020","Doesburg",1400,"18 jaar of ouder","Gemeente  ",NA,7.9
"70","2020","Doetinchem",8200,"18 jaar of ouder","Gemeente  ",NA,6.8
"71","2020","Dongen",3500,"18 jaar of ouder","Gemeente  ",NA,5.9
"72","2020","Dordrecht",16900,"18 jaar of ouder","Gemeente  ",NA,7.8
"73","2020","Drechterland",2800,"18 jaar of ouder","Gemeente  ",NA,4.5
"74","2020","Drimmelen",3500,"18 jaar of ouder","Gemeente  ",NA,4.8
"75","2020","Dronten",6400,"18 jaar of ouder","Gemeente  ",NA,5.5
"76","2020","Druten",2700,"18 jaar of ouder","Gemeente  ",NA,5.9
"77","2020","Duiven",3600,"18 jaar of ouder","Gemeente  ",NA,6.2
"78","2020","Echt-Susteren",3600,"18 jaar of ouder","Gemeente  ",NA,6.4
"79","2020","Edam-Volendam",5400,"18 jaar of ouder","Gemeente  ",NA,4.5
"80","2020","Ede",18600,"18 jaar of ouder","Gemeente  ",NA,6
"81","2020","Eemnes",1300,"18 jaar of ouder","Gemeente  ",NA,4.6
"82","2020","Eemsdelta",5700,"18 jaar of ouder","Gemeente  ",NA,6.8
"83","2020","Eersel",2600,"18 jaar of ouder","Gemeente  ",NA,4.5
"84","2020","Eijsden-Margraten",3100,"18 jaar of ouder","Gemeente  ",NA,5.4
"85","2020","Eindhoven",41400,"18 jaar of ouder","Gemeente  ",NA,8.9
"86","2020","Elburg",3400,"18 jaar of ouder","Gemeente  ",NA,4.7
"87","2020","Emmen",14300,"18 jaar of ouder","Gemeente  ",NA,6.6
"88","2020","Enkhuizen",2400,"18 jaar of ouder","Gemeente  ",NA,6.4
"89","2020","Enschede",30800,"18 jaar of ouder","Gemeente  ",NA,8.5
"90","2020","Epe",4200,"18 jaar of ouder","Gemeente  ",NA,5.1
"91","2020","Ermelo",3800,"18 jaar of ouder","Gemeente  ",NA,5.2
"92","2020","Etten-Leur",5600,"18 jaar of ouder","Gemeente  ",NA,7
"93","2020","De Fryske Marren",6800,"18 jaar of ouder","Gemeente  ",NA,4.3
"94","2020","Geertruidenberg",2800,"18 jaar of ouder","Gemeente  ",NA,6
"95","2020","Geldrop-Mierlo",5300,"18 jaar of ouder","Gemeente  ",NA,6.8
"96","2020","Gemert-Bakel",4100,"18 jaar of ouder","Gemeente  ",NA,5.7
"97","2020","Gennep",2100,"18 jaar of ouder","Gemeente  ",NA,5.9
"98","2020","Gilze en Rijen",3600,"18 jaar of ouder","Gemeente  ",NA,6.2
"99","2020","Goeree-Overflakkee",6800,"18 jaar of ouder","Gemeente  ",NA,5.1
"100","2020","Goes",5100,"18 jaar of ouder","Gemeente  ",NA,6.3
"101","2020","Goirle",2700,"18 jaar of ouder","Gemeente  ",NA,5.6
"102","2020","Gooise Meren",7100,"18 jaar of ouder","Gemeente  ",NA,5.2
"103","2020","Gorinchem",5400,"18 jaar of ouder","Gemeente  ",NA,7.6
"104","2020","Gouda",10600,"18 jaar of ouder","Gemeente  ",NA,7.4
"105","2020","'s-Gravenhage (gemeente)",85000,NA,NA,NA,NA
"106","2020","Groningen (gemeente)",61400,NA,NA,NA,NA
"107","2020","Gulpen-Wittem",1500,"18 jaar of ouder","Gemeente  ",NA,6.5
"108","2020","Haaksbergen",3200,"18 jaar of ouder","Gemeente  ",NA,4.6
"109","2020","Haarlem",20700,"18 jaar of ouder","Gemeente  ",NA,7.1
"110","2020","Haarlemmermeer",22800,"18 jaar of ouder","Gemeente  ",NA,5.9
"111","2020","Halderberge",3800,"18 jaar of ouder","Gemeente  ",NA,6
"112","2020","Hardenberg",9300,"18 jaar of ouder","Gemeente  ",NA,4.7
"113","2020","Harderwijk",6800,"18 jaar of ouder","Gemeente  ",NA,6.5
"114","2020","Hardinxveld-Giessendam",2800,"18 jaar of ouder","Gemeente  ",NA,5.2
"115","2020","Harlingen",2100,"18 jaar of ouder","Gemeente  ",NA,5.1
"116","2020","Hattem",1600,"18 jaar of ouder","Gemeente  ",NA,4.3
"117","2020","Heemskerk",5300,"18 jaar of ouder","Gemeente  ",NA,6.1
"118","2020","Heemstede",2900,"18 jaar of ouder","Gemeente  ",NA,4.3
"119","2020","Heerde",2400,"18 jaar of ouder","Gemeente  ",NA,4.4
"120","2020","Heerenveen",6900,"18 jaar of ouder","Gemeente  ",NA,5.1
"121","2020","Heerlen",10900,"18 jaar of ouder","Gemeente  ",NA,11.5
"122","2020","Heeze-Leende",2000,"18 jaar of ouder","Gemeente  ",NA,4.3
"123","2020","Heiloo",3100,"18 jaar of ouder","Gemeente  ",NA,4.4
"124","2020","Den Helder",7200,"18 jaar of ouder","Gemeente  ",NA,6.9
"125","2020","Hellendoorn",5000,"18 jaar of ouder","Gemeente  ",NA,4.3
"126","2020","Helmond",13400,"18 jaar of ouder","Gemeente  ",NA,8.6
"127","2020","Hendrik-Ido-Ambacht",4200,"18 jaar of ouder","Gemeente  ",NA,5.6
"128","2020","Hengelo (O.)",12100,NA,NA,NA,NA
"129","2020","'s-Hertogenbosch",22500,"18 jaar of ouder","Gemeente  ",NA,7.5
"130","2020","Heumen",2200,"18 jaar of ouder","Gemeente  ",NA,5.2
"131","2020","Heusden",6100,"18 jaar of ouder","Gemeente  ",NA,6
"132","2020","Hillegom",2800,"18 jaar of ouder","Gemeente  ",NA,5.7
"133","2020","Hilvarenbeek",2100,"18 jaar of ouder","Gemeente  ",NA,4.5
"134","2020","Hilversum",11900,"18 jaar of ouder","Gemeente  ",NA,6.7
"135","2020","Hoeksche Waard",11500,"18 jaar of ouder","Gemeente  ",NA,4.9
"136","2020","Hof van Twente",4800,"18 jaar of ouder","Gemeente  ",NA,4.1
"137","2020","Het Hogeland",6200,"18 jaar of ouder","Gemeente  ",NA,4.6
"138","2020","Hollands Kroon",7000,"18 jaar of ouder","Gemeente  ",NA,4.9
"139","2020","Hoogeveen",7700,"18 jaar of ouder","Gemeente  ",NA,5.4
"140","2020","Hoorn",10300,"18 jaar of ouder","Gemeente  ",NA,6.9
"141","2020","Horst aan de Maas",6000,"18 jaar of ouder","Gemeente  ",NA,5.1
"142","2020","Houten",7000,"18 jaar of ouder","Gemeente  ",NA,5.1
"143","2020","Huizen",5200,"18 jaar of ouder","Gemeente  ",NA,6.1
"144","2020","Hulst",3100,"18 jaar of ouder","Gemeente  ",NA,6.4
"145","2020","IJsselstein",5100,"18 jaar of ouder","Gemeente  ",NA,5.8
"146","2020","Kaag en Braassem",3700,"18 jaar of ouder","Gemeente  ",NA,4.6
"147","2020","Kampen",8500,"18 jaar of ouder","Gemeente  ",NA,5.8
"148","2020","Kapelle",1800,"18 jaar of ouder","Gemeente  ",NA,5.1
"149","2020","Katwijk",9700,"18 jaar of ouder","Gemeente  ",NA,5.7
"150","2020","Kerkrade",4900,"18 jaar of ouder","Gemeente  ",NA,10.4
"151","2020","Koggenland",3400,"18 jaar of ouder","Gemeente  ",NA,4.1
"152","2020","Krimpen aan den IJssel",4200,"18 jaar of ouder","Gemeente  ",NA,6
"153","2020","Krimpenerwaard",8200,"18 jaar of ouder","Gemeente  ",NA,5.1
"154","2020","Laarbeek",3100,"18 jaar of ouder","Gemeente  ",NA,5.3
"155","2020","Land van Cuijk",12700,"18 jaar of ouder","Gemeente  ",NA,5.6
"156","2020","Landgraaf",4300,"18 jaar of ouder","Gemeente  ",NA,9.1
"157","2020","Landsmeer",1400,"18 jaar of ouder","Gemeente  ",NA,5.1
"158","2020","Lansingerland",8300,"18 jaar of ouder","Gemeente  ",NA,5
"159","2020","Laren (NH.)",1200,NA,NA,NA,NA
"160","2020","Leeuwarden",22200,"18 jaar of ouder","Gemeente  ",NA,6.7
"161","2020","Leiden",27200,"18 jaar of ouder","Gemeente  ",NA,7.8
"162","2020","Leiderdorp",3500,"18 jaar of ouder","Gemeente  ",NA,5.6
"163","2020","Leidschendam-Voorburg",8900,"18 jaar of ouder","Gemeente  ",NA,6.5
"164","2020","Lelystad",11300,"18 jaar of ouder","Gemeente  ",NA,7.7
"165","2020","Leudal",4700,"18 jaar of ouder","Gemeente  ",NA,4.8
"166","2020","Leusden",3900,"18 jaar of ouder","Gemeente  ",NA,4.7
"167","2020","Lingewaard",6200,"18 jaar of ouder","Gemeente  ",NA,5.3
"168","2020","Lisse",3000,"18 jaar of ouder","Gemeente  ",NA,5.4
"169","2020","Lochem",4000,"18 jaar of ouder","Gemeente  ",NA,4.7
"170","2020","Loon op Zand",3000,"18 jaar of ouder","Gemeente  ",NA,6
"171","2020","Lopik",2400,"18 jaar of ouder","Gemeente  ",NA,4.6
"172","2020","Losser",3100,"18 jaar of ouder","Gemeente  ",NA,4.9
"173","2020","Maasdriel",3500,"18 jaar of ouder","Gemeente  ",NA,5.2
"174","2020","Maasgouw",2800,"18 jaar of ouder","Gemeente  ",NA,5.1
"175","2020","Maashorst",8100,"18 jaar of ouder","Gemeente  ",NA,6.4
"176","2020","Maassluis",4300,"18 jaar of ouder","Gemeente  ",NA,7.7
"177","2020","Maastricht",27300,"18 jaar of ouder","Gemeente  ",NA,9.8
"178","2020","Medemblik",6200,"18 jaar of ouder","Gemeente  ",NA,4.8
"179","2020","Meerssen",2200,"18 jaar of ouder","Gemeente  ",NA,6
"180","2020","Meierijstad",11200,"18 jaar of ouder","Gemeente  ",NA,5.9
"181","2020","Meppel",5000,"18 jaar of ouder","Gemeente  ",NA,5.6
"182","2020","Middelburg (Z.)",7000,NA,NA,NA,NA
"183","2020","Midden-Delfland",2800,"18 jaar of ouder","Gemeente  ",NA,4.5
"184","2020","Midden-Drenthe",4400,"18 jaar of ouder","Gemeente  ",NA,4.1
"185","2020","Midden-Groningen",7800,"18 jaar of ouder","Gemeente  ",NA,6
"186","2020","Moerdijk",4800,"18 jaar of ouder","Gemeente  ",NA,5.6
"187","2020","Molenlanden",7100,"18 jaar of ouder","Gemeente  ",NA,4.5
"188","2020","Montferland",4800,"18 jaar of ouder","Gemeente  ",NA,5.9
"189","2020","Montfoort",2100,"18 jaar of ouder","Gemeente  ",NA,4.3
"190","2020","Mook en Middelaar",1000,"18 jaar of ouder","Gemeente  ",NA,4.4
"191","2020","Neder-Betuwe",4000,"18 jaar of ouder","Gemeente  ",NA,5.5
"192","2020","Nederweert",2300,"18 jaar of ouder","Gemeente  ",NA,5
"193","2020","Nieuwegein",8600,"18 jaar of ouder","Gemeente  ",NA,6.6
"194","2020","Nieuwkoop",3900,"18 jaar of ouder","Gemeente  ",NA,4.4
"195","2020","Nijkerk",6200,"18 jaar of ouder","Gemeente  ",NA,5.2
"196","2020","Nijmegen",38100,"18 jaar of ouder","Gemeente  ",NA,9
"197","2020","Nissewaard",11300,"18 jaar of ouder","Gemeente  ",NA,7.2
"198","2020","Noardeast-Fryslân",6300,"18 jaar of ouder","Gemeente  ",NA,4.9
"199","2020","Noord-Beveland",800,"18 jaar of ouder","Gemeente  ",NA,5.4
"200","2020","Noordenveld",3500,"18 jaar of ouder","Gemeente  ",NA,4.1
"201","2020","Noordoostpolder",6900,"18 jaar of ouder","Gemeente  ",NA,5.3
"202","2020","Noordwijk",5800,"18 jaar of ouder","Gemeente  ",NA,5.3
"203","2020","Nuenen, Gerwen en Nederwetten",2800,"18 jaar of ouder","Gemeente  ",NA,4.9
"204","2020","Nunspeet",4100,"18 jaar of ouder","Gemeente  ",NA,4.9
"205","2020","Oegstgeest",3100,"18 jaar of ouder","Gemeente  ",NA,4.8
"206","2020","Oirschot",2600,"18 jaar of ouder","Gemeente  ",NA,4.6
"207","2020","Oisterwijk",4200,"18 jaar of ouder","Gemeente  ",NA,5.2
"208","2020","Oldambt",4800,"18 jaar of ouder","Gemeente  ",NA,6.7
"209","2020","Oldebroek",3300,"18 jaar of ouder","Gemeente  ",NA,4.9
"210","2020","Oldenzaal",4200,"18 jaar of ouder","Gemeente  ",NA,5.3
"211","2020","Olst-Wijhe",2500,"18 jaar of ouder","Gemeente  ",NA,4.5
"212","2020","Ommen",2500,"18 jaar of ouder","Gemeente  ",NA,4.1
"213","2020","Oost Gelre",4300,"18 jaar of ouder","Gemeente  ",NA,4.6
"214","2020","Oosterhout",7100,"18 jaar of ouder","Gemeente  ",NA,7
"215","2020","Ooststellingwerf",3100,"18 jaar of ouder","Gemeente  ",NA,4.6
"216","2020","Oostzaan",1300,"18 jaar of ouder","Gemeente  ",NA,4.8
"217","2020","Opmeer",1800,"18 jaar of ouder","Gemeente  ",NA,4.5
"218","2020","Opsterland",4100,"18 jaar of ouder","Gemeente  ",NA,4.2
"219","2020","Oss",13300,"18 jaar of ouder","Gemeente  ",NA,7.4
"220","2020","Oude IJsselstreek",5400,"18 jaar of ouder","Gemeente  ",NA,6
"221","2020","Ouder-Amstel",2000,"18 jaar of ouder","Gemeente  ",NA,5.4
"222","2020","Oudewater",1400,"18 jaar of ouder","Gemeente  ",NA,4.5
"223","2020","Overbetuwe",6500,"18 jaar of ouder","Gemeente  ",NA,5.3
"224","2020","Papendrecht",4400,"18 jaar of ouder","Gemeente  ",NA,6.1
"225","2020","Peel en Maas",5900,"18 jaar of ouder","Gemeente  ",NA,5
"226","2020","Pekela",1500,"18 jaar of ouder","Gemeente  ",NA,7.4
"227","2020","Pijnacker-Nootdorp",8200,"18 jaar of ouder","Gemeente  ",NA,5.2
"228","2020","Purmerend",12700,"18 jaar of ouder","Gemeente  ",NA,6.7
"229","2020","Putten",3500,"18 jaar of ouder","Gemeente  ",NA,4.9
"230","2020","Raalte",5200,"18 jaar of ouder","Gemeente  ",NA,4
"231","2020","Reimerswaal",3600,"18 jaar of ouder","Gemeente  ",NA,5.8
"232","2020","Renkum",3400,"18 jaar of ouder","Gemeente  ",NA,5.5
"233","2020","Renswoude",900,"18 jaar of ouder","Gemeente  ",NA,4.4
"234","2020","Reusel-De Mierden",1600,"18 jaar of ouder","Gemeente  ",NA,4.6
"235","2020","Rheden",5500,"18 jaar of ouder","Gemeente  ",NA,7.2
"236","2020","Rhenen",2800,"18 jaar of ouder","Gemeente  ",NA,5.3
"237","2020","Ridderkerk",5900,"18 jaar of ouder","Gemeente  ",NA,6.5
"238","2020","Rijssen-Holten",5900,"18 jaar of ouder","Gemeente  ",NA,4.7
"239","2020","Rijswijk (ZH.)",6200,NA,NA,NA,NA
"240","2020","Roerdalen",2200,"18 jaar of ouder","Gemeente  ",NA,5.4
"241","2020","Roermond",7600,"18 jaar of ouder","Gemeente  ",NA,8.7
"242","2020","De Ronde Venen",6000,"18 jaar of ouder","Gemeente  ",NA,4.8
"243","2020","Roosendaal",10800,"18 jaar of ouder","Gemeente  ",NA,8.1
"244","2020","Rotterdam",110000,"18 jaar of ouder","Gemeente  ",NA,10.1
"245","2020","Rozendaal",200,"18 jaar of ouder","Gemeente  ",NA,2.9
"246","2020","Rucphen",2800,"18 jaar of ouder","Gemeente  ",NA,6.3
"247","2020","Schagen",6400,"18 jaar of ouder","Gemeente  ",NA,4.6
"248","2020","Scherpenzeel",1500,"18 jaar of ouder","Gemeente  ",NA,5.1
"249","2020","Schiedam",11600,"18 jaar of ouder","Gemeente  ",NA,8.9
"250","2020","Schiermonnikoog",100,"18 jaar of ouder","Gemeente  ",NA,8.4
"251","2020","Schouwen-Duiveland",4100,"18 jaar of ouder","Gemeente  ",NA,5
"252","2020","Simpelveld",1200,"18 jaar of ouder","Gemeente  ",NA,7.3
"253","2020","Sint-Michielsgestel",3800,"18 jaar of ouder","Gemeente  ",NA,4.7
"254","2020","Sittard-Geleen",11700,"18 jaar of ouder","Gemeente  ",NA,8.9
"255","2020","Sliedrecht",3600,"18 jaar of ouder","Gemeente  ",NA,6.5
"256","2020","Sluis",2500,"18 jaar of ouder","Gemeente  ",NA,5.3
"257","2020","Smallingerland",7900,"18 jaar of ouder","Gemeente  ",NA,5.7
"258","2020","Soest",6300,"18 jaar of ouder","Gemeente  ",NA,5.7
"259","2020","Someren",2700,"18 jaar of ouder","Gemeente  ",NA,5.4
"260","2020","Son en Breugel",2200,"18 jaar of ouder","Gemeente  ",NA,5
"261","2020","Stadskanaal",4000,"18 jaar of ouder","Gemeente  ",NA,5.8
"262","2020","Staphorst",2900,"18 jaar of ouder","Gemeente  ",NA,3.7
"263","2020","Stede Broec",3100,"18 jaar of ouder","Gemeente  ",NA,5.5
"264","2020","Steenbergen",3200,"18 jaar of ouder","Gemeente  ",NA,5.7
"265","2020","Steenwijkerland",6000,"18 jaar of ouder","Gemeente  ",NA,4.8
"266","2020","Stein (L.)",2800,NA,NA,NA,NA
"267","2020","Stichtse Vecht",8200,"18 jaar of ouder","Gemeente  ",NA,5.1
"268","2020","Súdwest-Fryslân",12100,"18 jaar of ouder","Gemeente  ",NA,4.8
"269","2020","Terneuzen",6700,"18 jaar of ouder","Gemeente  ",NA,7.3
"270","2020","Terschelling",900,"18 jaar of ouder","Gemeente  ",NA,4.5
"271","2020","Texel",1700,"18 jaar of ouder","Gemeente  ",NA,4.4
"272","2020","Teylingen",5300,"18 jaar of ouder","Gemeente  ",NA,5.1
"273","2020","Tholen",3900,"18 jaar of ouder","Gemeente  ",NA,5.9
"274","2020","Tiel",6300,"18 jaar of ouder","Gemeente  ",NA,8.2
"275","2020","Tilburg",41700,"18 jaar of ouder","Gemeente  ",NA,8.8
"276","2020","Tubbergen",3600,"18 jaar of ouder","Gemeente  ",NA,3.5
"277","2020","Twenterand",5000,"18 jaar of ouder","Gemeente  ",NA,4.9
"278","2020","Tynaarlo",3500,"18 jaar of ouder","Gemeente  ",NA,3.4
"279","2020","Tytsjerksteradiel",4300,"18 jaar of ouder","Gemeente  ",NA,4.1
"280","2020","Uitgeest",2000,"18 jaar of ouder","Gemeente  ",NA,4.6
"281","2020","Uithoorn",4100,"18 jaar of ouder","Gemeente  ",NA,5.9
"282","2020","Urk",4100,"18 jaar of ouder","Gemeente  ",NA,4.7
"283","2020","Utrecht (gemeente)",69900,NA,NA,NA,NA
"284","2020","Utrechtse Heuvelrug",6200,"18 jaar of ouder","Gemeente  ",NA,4.9
"285","2020","Vaals",1400,"18 jaar of ouder","Gemeente  ",NA,10.3
"286","2020","Valkenburg aan de Geul",1900,"18 jaar of ouder","Gemeente  ",NA,6.8
"287","2020","Valkenswaard",3900,"18 jaar of ouder","Gemeente  ",NA,6.4
"288","2020","Veendam",3600,"18 jaar of ouder","Gemeente  ",NA,6.7
"289","2020","Veenendaal",10100,"18 jaar of ouder","Gemeente  ",NA,6.8
"290","2020","Veere",2700,"18 jaar of ouder","Gemeente  ",NA,2.9
"291","2020","Veldhoven",5800,"18 jaar of ouder","Gemeente  ",NA,6
"292","2020","Velsen",9600,"18 jaar of ouder","Gemeente  ",NA,6.3
"293","2020","Venlo",13800,"18 jaar of ouder","Gemeente  ",NA,8.1
"294","2020","Venray",6100,"18 jaar of ouder","Gemeente  ",NA,6.8
"295","2020","Vijfheerenlanden",8100,"18 jaar of ouder","Gemeente  ",NA,6
"296","2020","Vlaardingen",9900,"18 jaar of ouder","Gemeente  ",NA,8.5
"297","2020","Vlieland",200,"18 jaar of ouder","Gemeente  ",NA,6.3
"298","2020","Vlissingen",5900,"18 jaar of ouder","Gemeente  ",NA,6.5
"299","2020","Voerendaal",1400,"18 jaar of ouder","Gemeente  ",NA,6.4
"300","2020","Voorne aan Zee",9100,NA,NA,NA,NA
"301","2020","Voorschoten",3200,"18 jaar of ouder","Gemeente  ",NA,5.1
"302","2020","Voorst",3100,"18 jaar of ouder","Gemeente  ",NA,4.6
"303","2020","Vught",3700,"18 jaar of ouder","Gemeente  ",NA,5.3
"304","2020","Waadhoeke",6200,"18 jaar of ouder","Gemeente  ",NA,4.5
"305","2020","Waalre",2000,"18 jaar of ouder","Gemeente  ",NA,4.8
"306","2020","Waalwijk",6500,"18 jaar of ouder","Gemeente  ",NA,7
"307","2020","Waddinxveen",4000,"18 jaar of ouder","Gemeente  ",NA,5.8
"308","2020","Wageningen",10800,"18 jaar of ouder","Gemeente  ",NA,7.9
"309","2020","Wassenaar",3500,"18 jaar of ouder","Gemeente  ",NA,5.2
"310","2020","Waterland",2100,"18 jaar of ouder","Gemeente  ",NA,4.2
"311","2020","Weert",6700,"18 jaar of ouder","Gemeente  ",NA,6.9
"312","2020","West Betuwe",7400,"18 jaar of ouder","Gemeente  ",NA,4.9
"313","2020","West Maas en Waal",2500,"18 jaar of ouder","Gemeente  ",NA,5
"314","2020","Westerkwartier",8500,"18 jaar of ouder","Gemeente  ",NA,4.3
"315","2020","Westerveld",2200,"18 jaar of ouder","Gemeente  ",NA,3.7
"316","2020","Westervoort",1900,"18 jaar of ouder","Gemeente  ",NA,7
"317","2020","Westerwolde",3000,"18 jaar of ouder","Gemeente  ",NA,5.1
"318","2020","Westland",15600,"18 jaar of ouder","Gemeente  ",NA,5.4
"319","2020","Weststellingwerf",3300,"18 jaar of ouder","Gemeente  ",NA,4.8
"320","2020","Wierden",3400,"18 jaar of ouder","Gemeente  ",NA,3.9
"321","2020","Wijchen",5600,"18 jaar of ouder","Gemeente  ",NA,5.9
"322","2020","Wijdemeren",3000,"18 jaar of ouder","Gemeente  ",NA,4.4
"323","2020","Wijk bij Duurstede",3200,"18 jaar of ouder","Gemeente  ",NA,5.1
"324","2020","Winterswijk",4000,"18 jaar of ouder","Gemeente  ",NA,6
"325","2020","Woensdrecht",2700,"18 jaar of ouder","Gemeente  ",NA,5.8
"326","2020","Woerden",7400,"18 jaar of ouder","Gemeente  ",NA,5.2
"327","2020","De Wolden",3200,"18 jaar of ouder","Gemeente  ",NA,3.6
"328","2020","Wormerland",2300,"18 jaar of ouder","Gemeente  ",NA,5.5
"329","2020","Woudenberg",2000,"18 jaar of ouder","Gemeente  ",NA,4.7
"330","2020","Zaanstad",21700,"18 jaar of ouder","Gemeente  ",NA,7.7
"331","2020","Zaltbommel",4600,"18 jaar of ouder","Gemeente  ",NA,5.7
"332","2020","Zandvoort",1800,"18 jaar of ouder","Gemeente  ",NA,6.5
"333","2020","Zeewolde",3600,"18 jaar of ouder","Gemeente  ",NA,5.6
"334","2020","Zeist",9100,"18 jaar of ouder","Gemeente  ",NA,6.1
"335","2020","Zevenaar",5600,"18 jaar of ouder","Gemeente  ",NA,6.5
"336","2020","Zoetermeer",17100,"18 jaar of ouder","Gemeente  ",NA,7.1
"337","2020","Zoeterwoude",1200,"18 jaar of ouder","Gemeente  ",NA,4.3
"338","2020","Zuidplas",6100,"18 jaar of ouder","Gemeente  ",NA,5.5
"339","2020","Zundert",2900,"18 jaar of ouder","Gemeente  ",NA,5.2
"340","2020","Zutphen",6600,"18 jaar of ouder","Gemeente  ",NA,8
"341","2020","Zwartewaterland",3700,"18 jaar of ouder","Gemeente  ",NA,4.2
"342","2020","Zwijndrecht",5900,"18 jaar of ouder","Gemeente  ",NA,7
"343","2020","Zwolle",20600,"18 jaar of ouder","Gemeente  ",NA,6.3
"344","2021","Nederland",2596900,NA,NA,NA,NA
"345","2021","Aa en Hunze",2900,NA,NA,NA,NA
"346","2021","Aalsmeer",4600,NA,NA,NA,NA
"347","2021","Aalten",3600,NA,NA,NA,NA
"348","2021","Achtkarspelen",4000,NA,NA,NA,NA
"349","2021","Alblasserdam",2900,NA,NA,NA,NA
"350","2021","Albrandswaard",3400,NA,NA,NA,NA
"351","2021","Alkmaar",14600,NA,NA,NA,NA
"352","2021","Almelo",10700,NA,NA,NA,NA
"353","2021","Almere",32200,NA,NA,NA,NA
"354","2021","Alphen aan den Rijn",15500,NA,NA,NA,NA
"355","2021","Alphen-Chaam",1300,NA,NA,NA,NA
"356","2021","Altena",8100,NA,NA,NA,NA
"357","2021","Ameland",500,NA,NA,NA,NA
"358","2021","Amersfoort",22900,NA,NA,NA,NA
"359","2021","Amstelveen",13000,NA,NA,NA,NA
"360","2021","Amsterdam",152900,NA,NA,NA,NA
"361","2021","Apeldoorn",22800,NA,NA,NA,NA
"362","2021","Arnhem",27300,NA,NA,NA,NA
"363","2021","Assen",9800,NA,NA,NA,NA
"364","2021","Asten",2500,NA,NA,NA,NA
"365","2021","Baarle-Nassau",800,NA,NA,NA,NA
"366","2021","Baarn",2800,NA,NA,NA,NA
"367","2021","Barendrecht",7100,NA,NA,NA,NA
"368","2021","Barneveld",9600,NA,NA,NA,NA
"369","2021","Beek (L.)",1900,NA,NA,NA,NA
"370","2021","Beekdaelen",4100,NA,NA,NA,NA
"371","2021","Beesel",1700,NA,NA,NA,NA
"372","2021","Berg en Dal",4400,NA,NA,NA,NA
"373","2021","Bergeijk",2500,NA,NA,NA,NA
"374","2021","Bergen (L.)",1700,NA,NA,NA,NA
"375","2021","Bergen (NH.)",3500,NA,NA,NA,NA
"376","2021","Bergen op Zoom",8900,NA,NA,NA,NA
"377","2021","Berkelland",5800,NA,NA,NA,NA
"378","2021","Bernheze",4600,NA,NA,NA,NA
"379","2021","Best",4400,NA,NA,NA,NA
"380","2021","Beuningen",3400,NA,NA,NA,NA
"381","2021","Beverwijk",5700,NA,NA,NA,NA
"382","2021","De Bilt",5200,NA,NA,NA,NA
"383","2021","Bladel",2900,NA,NA,NA,NA
"384","2021","Blaricum",1300,NA,NA,NA,NA
"385","2021","Bloemendaal",2700,NA,NA,NA,NA
"386","2021","Bodegraven-Reeuwijk",4900,NA,NA,NA,NA
"387","2021","Boekel",1600,NA,NA,NA,NA
"388","2021","Borger-Odoorn",3100,NA,NA,NA,NA
"389","2021","Borne",3000,NA,NA,NA,NA
"390","2021","Borsele",3100,NA,NA,NA,NA
"391","2021","Boxtel",4500,NA,NA,NA,NA
"392","2021","Breda",30700,NA,NA,NA,NA
"393","2021","Bronckhorst",4800,NA,NA,NA,NA
"394","2021","Brummen",2600,NA,NA,NA,NA
"395","2021","Brunssum",3200,NA,NA,NA,NA
"396","2021","Bunnik",1800,NA,NA,NA,NA
"397","2021","Bunschoten",3400,NA,NA,NA,NA
"398","2021","Buren",3600,NA,NA,NA,NA
"399","2021","Capelle aan den IJssel",9100,NA,NA,NA,NA
"400","2021","Castricum",4700,NA,NA,NA,NA
"401","2021","Coevorden",4600,NA,NA,NA,NA
"402","2021","Cranendonck",2700,NA,NA,NA,NA
"403","2021","Culemborg",3900,NA,NA,NA,NA
"404","2021","Dalfsen",4100,NA,NA,NA,NA
"405","2021","Dantumadiel",2600,NA,NA,NA,NA
"406","2021","Delft",26200,NA,NA,NA,NA
"407","2021","Deurne",4400,NA,NA,NA,NA
"408","2021","Deventer",15100,NA,NA,NA,NA
"409","2021","Diemen",6200,NA,NA,NA,NA
"410","2021","Dijk en Waard",12400,NA,NA,NA,NA
"411","2021","Dinkelland",4100,NA,NA,NA,NA
"412","2021","Doesburg",1400,NA,NA,NA,NA
"413","2021","Doetinchem",8300,NA,NA,NA,NA
"414","2021","Dongen",3500,NA,NA,NA,NA
"415","2021","Dordrecht",16900,NA,NA,NA,NA
"416","2021","Drechterland",2700,NA,NA,NA,NA
"417","2021","Drimmelen",3500,NA,NA,NA,NA
"418","2021","Dronten",6400,NA,NA,NA,NA
"419","2021","Druten",2600,NA,NA,NA,NA
"420","2021","Duiven",3500,NA,NA,NA,NA
"421","2021","Echt-Susteren",3700,NA,NA,NA,NA
"422","2021","Edam-Volendam",5400,NA,NA,NA,NA
"423","2021","Ede",18600,NA,NA,NA,NA
"424","2021","Eemnes",1300,NA,NA,NA,NA
"425","2021","Eemsdelta",5700,NA,NA,NA,NA
"426","2021","Eersel",2600,NA,NA,NA,NA
"427","2021","Eijsden-Margraten",3000,NA,NA,NA,NA
"428","2021","Eindhoven",42500,NA,NA,NA,NA
"429","2021","Elburg",3400,NA,NA,NA,NA
"430","2021","Emmen",14500,NA,NA,NA,NA
"431","2021","Enkhuizen",2400,NA,NA,NA,NA
"432","2021","Enschede",31300,NA,NA,NA,NA
"433","2021","Epe",4200,NA,NA,NA,NA
"434","2021","Ermelo",3900,NA,NA,NA,NA
"435","2021","Etten-Leur",5600,NA,NA,NA,NA
"436","2021","De Fryske Marren",6800,NA,NA,NA,NA
"437","2021","Geertruidenberg",2800,NA,NA,NA,NA
"438","2021","Geldrop-Mierlo",5100,NA,NA,NA,NA
"439","2021","Gemert-Bakel",4000,NA,NA,NA,NA
"440","2021","Gennep",2100,NA,NA,NA,NA
"441","2021","Gilze en Rijen",3600,NA,NA,NA,NA
"442","2021","Goeree-Overflakkee",6800,NA,NA,NA,NA
"443","2021","Goes",5100,NA,NA,NA,NA
"444","2021","Goirle",2700,NA,NA,NA,NA
"445","2021","Gooise Meren",7100,NA,NA,NA,NA
"446","2021","Gorinchem",5400,NA,NA,NA,NA
"447","2021","Gouda",10700,NA,NA,NA,NA
"448","2021","'s-Gravenhage (gemeente)",86400,NA,NA,NA,NA
"449","2021","Groningen (gemeente)",62300,NA,NA,NA,NA
"450","2021","Gulpen-Wittem",1500,NA,NA,NA,NA
"451","2021","Haaksbergen",3200,NA,NA,NA,NA
"452","2021","Haarlem",20500,NA,NA,NA,NA
"453","2021","Haarlemmermeer",22900,NA,NA,NA,NA
"454","2021","Halderberge",3800,NA,NA,NA,NA
"455","2021","Hardenberg",9300,NA,NA,NA,NA
"456","2021","Harderwijk",6800,NA,NA,NA,NA
"457","2021","Hardinxveld-Giessendam",2900,NA,NA,NA,NA
"458","2021","Harlingen",2000,NA,NA,NA,NA
"459","2021","Hattem",1600,NA,NA,NA,NA
"460","2021","Heemskerk",5200,NA,NA,NA,NA
"461","2021","Heemstede",2800,NA,NA,NA,NA
"462","2021","Heerde",2400,NA,NA,NA,NA
"463","2021","Heerenveen",6900,NA,NA,NA,NA
"464","2021","Heerlen",10800,NA,NA,NA,NA
"465","2021","Heeze-Leende",2000,NA,NA,NA,NA
"466","2021","Heiloo",3100,NA,NA,NA,NA
"467","2021","Den Helder",7300,NA,NA,NA,NA
"468","2021","Hellendoorn",5000,NA,NA,NA,NA
"469","2021","Helmond",13600,NA,NA,NA,NA
"470","2021","Hendrik-Ido-Ambacht",4200,NA,NA,NA,NA
"471","2021","Hengelo (O.)",12200,NA,NA,NA,NA
"472","2021","'s-Hertogenbosch",22700,NA,NA,NA,NA
"473","2021","Heumen",2100,NA,NA,NA,NA
"474","2021","Heusden",6000,NA,NA,NA,NA
"475","2021","Hillegom",2800,NA,NA,NA,NA
"476","2021","Hilvarenbeek",2000,NA,NA,NA,NA
"477","2021","Hilversum",11900,NA,NA,NA,NA
"478","2021","Hoeksche Waard",11500,NA,NA,NA,NA
"479","2021","Hof van Twente",4800,NA,NA,NA,NA
"480","2021","Het Hogeland",6100,NA,NA,NA,NA
"481","2021","Hollands Kroon",6900,NA,NA,NA,NA
"482","2021","Hoogeveen",7800,NA,NA,NA,NA
"483","2021","Hoorn",10400,NA,NA,NA,NA
"484","2021","Horst aan de Maas",5900,NA,NA,NA,NA
"485","2021","Houten",7100,NA,NA,NA,NA
"486","2021","Huizen",5100,NA,NA,NA,NA
"487","2021","Hulst",3100,NA,NA,NA,NA
"488","2021","IJsselstein",5000,NA,NA,NA,NA
"489","2021","Kaag en Braassem",3700,NA,NA,NA,NA
"490","2021","Kampen",8500,NA,NA,NA,NA
"491","2021","Kapelle",1800,NA,NA,NA,NA
"492","2021","Katwijk",9500,NA,NA,NA,NA
"493","2021","Kerkrade",4900,NA,NA,NA,NA
"494","2021","Koggenland",3300,NA,NA,NA,NA
"495","2021","Krimpen aan den IJssel",4100,NA,NA,NA,NA
"496","2021","Krimpenerwaard",8300,NA,NA,NA,NA
"497","2021","Laarbeek",3000,NA,NA,NA,NA
"498","2021","Land van Cuijk",12600,NA,NA,NA,NA
"499","2021","Landgraaf",4100,NA,NA,NA,NA
"500","2021","Landsmeer",1400,NA,NA,NA,NA
"501","2021","Lansingerland",8400,NA,NA,NA,NA
"502","2021","Laren (NH.)",1200,NA,NA,NA,NA
"503","2021","Leeuwarden",22500,NA,NA,NA,NA
"504","2021","Leiden",27700,NA,NA,NA,NA
"505","2021","Leiderdorp",3500,NA,NA,NA,NA
"506","2021","Leidschendam-Voorburg",8800,NA,NA,NA,NA
"507","2021","Lelystad",11600,NA,NA,NA,NA
"508","2021","Leudal",4600,NA,NA,NA,NA
"509","2021","Leusden",3900,NA,NA,NA,NA
"510","2021","Lingewaard",6200,NA,NA,NA,NA
"511","2021","Lisse",2900,NA,NA,NA,NA
"512","2021","Lochem",4000,NA,NA,NA,NA
"513","2021","Loon op Zand",3000,NA,NA,NA,NA
"514","2021","Lopik",2400,NA,NA,NA,NA
"515","2021","Losser",3100,NA,NA,NA,NA
"516","2021","Maasdriel",3500,NA,NA,NA,NA
"517","2021","Maasgouw",2700,NA,NA,NA,NA
"518","2021","Maashorst",8000,NA,NA,NA,NA
"519","2021","Maassluis",4300,NA,NA,NA,NA
"520","2021","Maastricht",28200,NA,NA,NA,NA
"521","2021","Medemblik",6300,NA,NA,NA,NA
"522","2021","Meerssen",2100,NA,NA,NA,NA
"523","2021","Meierijstad",11300,NA,NA,NA,NA
"524","2021","Meppel",5100,NA,NA,NA,NA
"525","2021","Middelburg (Z.)",7100,NA,NA,NA,NA
"526","2021","Midden-Delfland",2700,NA,NA,NA,NA
"527","2021","Midden-Drenthe",4400,NA,NA,NA,NA
"528","2021","Midden-Groningen",7900,NA,NA,NA,NA
"529","2021","Moerdijk",4800,NA,NA,NA,NA
"530","2021","Molenlanden",7200,NA,NA,NA,NA
"531","2021","Montferland",4900,NA,NA,NA,NA
"532","2021","Montfoort",2100,NA,NA,NA,NA
"533","2021","Mook en Middelaar",1000,NA,NA,NA,NA
"534","2021","Neder-Betuwe",4000,NA,NA,NA,NA
"535","2021","Nederweert",2200,NA,NA,NA,NA
"536","2021","Nieuwegein",8700,NA,NA,NA,NA
"537","2021","Nieuwkoop",3900,NA,NA,NA,NA
"538","2021","Nijkerk",6200,NA,NA,NA,NA
"539","2021","Nijmegen",38100,NA,NA,NA,NA
"540","2021","Nissewaard",11200,NA,NA,NA,NA
"541","2021","Noardeast-Fryslân",6300,NA,NA,NA,NA
"542","2021","Noord-Beveland",800,NA,NA,NA,NA
"543","2021","Noordenveld",3400,NA,NA,NA,NA
"544","2021","Noordoostpolder",7000,NA,NA,NA,NA
"545","2021","Noordwijk",5700,NA,NA,NA,NA
"546","2021","Nuenen, Gerwen en Nederwetten",2800,NA,NA,NA,NA
"547","2021","Nunspeet",4000,NA,NA,NA,NA
"548","2021","Oegstgeest",3100,NA,NA,NA,NA
"549","2021","Oirschot",2600,NA,NA,NA,NA
"550","2021","Oisterwijk",4200,NA,NA,NA,NA
"551","2021","Oldambt",4800,NA,NA,NA,NA
"552","2021","Oldebroek",3300,NA,NA,NA,NA
"553","2021","Oldenzaal",4400,NA,NA,NA,NA
"554","2021","Olst-Wijhe",2500,NA,NA,NA,NA
"555","2021","Ommen",2400,NA,NA,NA,NA
"556","2021","Oost Gelre",4200,NA,NA,NA,NA
"557","2021","Oosterhout",7000,NA,NA,NA,NA
"558","2021","Ooststellingwerf",3100,NA,NA,NA,NA
"559","2021","Oostzaan",1300,NA,NA,NA,NA
"560","2021","Opmeer",1800,NA,NA,NA,NA
"561","2021","Opsterland",4000,NA,NA,NA,NA
"562","2021","Oss",13300,NA,NA,NA,NA
"563","2021","Oude IJsselstreek",5300,NA,NA,NA,NA
"564","2021","Ouder-Amstel",1900,NA,NA,NA,NA
"565","2021","Oudewater",1400,NA,NA,NA,NA
"566","2021","Overbetuwe",6500,NA,NA,NA,NA
"567","2021","Papendrecht",4400,NA,NA,NA,NA
"568","2021","Peel en Maas",5800,NA,NA,NA,NA
"569","2021","Pekela",1600,NA,NA,NA,NA
"570","2021","Pijnacker-Nootdorp",8400,NA,NA,NA,NA
"571","2021","Purmerend",12600,NA,NA,NA,NA
"572","2021","Putten",3500,NA,NA,NA,NA
"573","2021","Raalte",5100,NA,NA,NA,NA
"574","2021","Reimerswaal",3600,NA,NA,NA,NA
"575","2021","Renkum",3300,NA,NA,NA,NA
"576","2021","Renswoude",900,NA,NA,NA,NA
"577","2021","Reusel-De Mierden",1600,NA,NA,NA,NA
"578","2021","Rheden",5400,NA,NA,NA,NA
"579","2021","Rhenen",2800,NA,NA,NA,NA
"580","2021","Ridderkerk",5800,NA,NA,NA,NA
"581","2021","Rijssen-Holten",6000,NA,NA,NA,NA
"582","2021","Rijswijk (ZH.)",6400,NA,NA,NA,NA
"583","2021","Roerdalen",2200,NA,NA,NA,NA
"584","2021","Roermond",7600,NA,NA,NA,NA
"585","2021","De Ronde Venen",5900,NA,NA,NA,NA
"586","2021","Roosendaal",10700,NA,NA,NA,NA
"587","2021","Rotterdam",112100,NA,NA,NA,NA
"588","2021","Rozendaal",200,NA,NA,NA,NA
"589","2021","Rucphen",2700,NA,NA,NA,NA
"590","2021","Schagen",6500,NA,NA,NA,NA
"591","2021","Scherpenzeel",1600,NA,NA,NA,NA
"592","2021","Schiedam",11300,NA,NA,NA,NA
"593","2021","Schiermonnikoog",100,NA,NA,NA,NA
"594","2021","Schouwen-Duiveland",4000,NA,NA,NA,NA
"595","2021","Simpelveld",1200,NA,NA,NA,NA
"596","2021","Sint-Michielsgestel",3800,NA,NA,NA,NA
"597","2021","Sittard-Geleen",11500,NA,NA,NA,NA
"598","2021","Sliedrecht",3600,NA,NA,NA,NA
"599","2021","Sluis",2500,NA,NA,NA,NA
"600","2021","Smallingerland",7800,NA,NA,NA,NA
"601","2021","Soest",6200,NA,NA,NA,NA
"602","2021","Someren",2700,NA,NA,NA,NA
"603","2021","Son en Breugel",2200,NA,NA,NA,NA
"604","2021","Stadskanaal",4100,NA,NA,NA,NA
"605","2021","Staphorst",3000,NA,NA,NA,NA
"606","2021","Stede Broec",3100,NA,NA,NA,NA
"607","2021","Steenbergen",3200,NA,NA,NA,NA
"608","2021","Steenwijkerland",5900,NA,NA,NA,NA
"609","2021","Stein (L.)",2800,NA,NA,NA,NA
"610","2021","Stichtse Vecht",8100,NA,NA,NA,NA
"611","2021","Súdwest-Fryslân",12100,NA,NA,NA,NA
"612","2021","Terneuzen",6600,NA,NA,NA,NA
"613","2021","Terschelling",900,NA,NA,NA,NA
"614","2021","Texel",1700,NA,NA,NA,NA
"615","2021","Teylingen",5300,NA,NA,NA,NA
"616","2021","Tholen",3800,NA,NA,NA,NA
"617","2021","Tiel",6300,NA,NA,NA,NA
"618","2021","Tilburg",42100,NA,NA,NA,NA
"619","2021","Tubbergen",3500,NA,NA,NA,NA
"620","2021","Twenterand",5100,NA,NA,NA,NA
"621","2021","Tynaarlo",3600,NA,NA,NA,NA
"622","2021","Tytsjerksteradiel",4300,NA,NA,NA,NA
"623","2021","Uitgeest",2000,NA,NA,NA,NA
"624","2021","Uithoorn",4100,NA,NA,NA,NA
"625","2021","Urk",4100,NA,NA,NA,NA
"626","2021","Utrecht (gemeente)",70600,NA,NA,NA,NA
"627","2021","Utrechtse Heuvelrug",6200,NA,NA,NA,NA
"628","2021","Vaals",1400,NA,NA,NA,NA
"629","2021","Valkenburg aan de Geul",1800,NA,NA,NA,NA
"630","2021","Valkenswaard",3900,NA,NA,NA,NA
"631","2021","Veendam",3600,NA,NA,NA,NA
"632","2021","Veenendaal",10200,NA,NA,NA,NA
"633","2021","Veere",2600,NA,NA,NA,NA
"634","2021","Veldhoven",5700,NA,NA,NA,NA
"635","2021","Velsen",9300,NA,NA,NA,NA
"636","2021","Venlo",13800,NA,NA,NA,NA
"637","2021","Venray",6100,NA,NA,NA,NA
"638","2021","Vijfheerenlanden",8100,NA,NA,NA,NA
"639","2021","Vlaardingen",9800,NA,NA,NA,NA
"640","2021","Vlieland",300,NA,NA,NA,NA
"641","2021","Vlissingen",5900,NA,NA,NA,NA
"642","2021","Voerendaal",1300,NA,NA,NA,NA
"643","2021","Voorne aan Zee",9000,NA,NA,NA,NA
"644","2021","Voorschoten",3200,NA,NA,NA,NA
"645","2021","Voorst",3100,NA,NA,NA,NA
"646","2021","Vught",3600,NA,NA,NA,NA
"647","2021","Waadhoeke",6300,NA,NA,NA,NA
"648","2021","Waalre",2000,NA,NA,NA,NA
"649","2021","Waalwijk",6600,NA,NA,NA,NA
"650","2021","Waddinxveen",4100,NA,NA,NA,NA
"651","2021","Wageningen",11000,NA,NA,NA,NA
"652","2021","Wassenaar",3500,NA,NA,NA,NA
"653","2021","Waterland",2100,NA,NA,NA,NA
"654","2021","Weert",6700,NA,NA,NA,NA
"655","2021","West Betuwe",7400,NA,NA,NA,NA
"656","2021","West Maas en Waal",2500,NA,NA,NA,NA
"657","2021","Westerkwartier",8500,NA,NA,NA,NA
"658","2021","Westerveld",2200,NA,NA,NA,NA
"659","2021","Westervoort",1800,NA,NA,NA,NA
"660","2021","Westerwolde",3300,NA,NA,NA,NA
"661","2021","Westland",15600,NA,NA,NA,NA
"662","2021","Weststellingwerf",3300,NA,NA,NA,NA
"663","2021","Wierden",3400,NA,NA,NA,NA
"664","2021","Wijchen",5600,NA,NA,NA,NA
"665","2021","Wijdemeren",2900,NA,NA,NA,NA
"666","2021","Wijk bij Duurstede",3100,NA,NA,NA,NA
"667","2021","Winterswijk",4000,NA,NA,NA,NA
"668","2021","Woensdrecht",2700,NA,NA,NA,NA
"669","2021","Woerden",7400,NA,NA,NA,NA
"670","2021","De Wolden",3200,NA,NA,NA,NA
"671","2021","Wormerland",2300,NA,NA,NA,NA
"672","2021","Woudenberg",2000,NA,NA,NA,NA
"673","2021","Zaanstad",21600,NA,NA,NA,NA
"674","2021","Zaltbommel",4700,NA,NA,NA,NA
"675","2021","Zandvoort",1900,NA,NA,NA,NA
"676","2021","Zeewolde",3700,NA,NA,NA,NA
"677","2021","Zeist",9200,NA,NA,NA,NA
"678","2021","Zevenaar",5600,NA,NA,NA,NA
"679","2021","Zoetermeer",16800,NA,NA,NA,NA
"680","2021","Zoeterwoude",1200,NA,NA,NA,NA
"681","2021","Zuidplas",6000,NA,NA,NA,NA
"682","2021","Zundert",2900,NA,NA,NA,NA
"683","2021","Zutphen",6500,NA,NA,NA,NA
"684","2021","Zwartewaterland",3800,NA,NA,NA,NA
"685","2021","Zwijndrecht",5900,NA,NA,NA,NA
"686","2021","Zwolle",20800,NA,NA,NA,NA
"687","2022","Nederland",2640300,"18 jaar of ouder","Land      ",22.2,10.2
"688","2022","Aa en Hunze",2900,"18 jaar of ouder","Gemeente  ",16,6.4
"689","2022","Aalsmeer",4800,"18 jaar of ouder","Gemeente  ",19.3,8.2
"690","2022","Aalten",3600,"18 jaar of ouder","Gemeente  ",16.8,7.7
"691","2022","Achtkarspelen",4100,"18 jaar of ouder","Gemeente  ",17.8,7.7
"692","2022","Alblasserdam",3000,"18 jaar of ouder","Gemeente  ",21.7,9.7
"693","2022","Albrandswaard",3500,"18 jaar of ouder","Gemeente  ",19,7.9
"694","2022","Alkmaar",14800,"18 jaar of ouder","Gemeente  ",23,10.9
"695","2022","Almelo",10900,"18 jaar of ouder","Gemeente  ",23.2,12
"696","2022","Almere",32500,"18 jaar of ouder","Gemeente  ",23.6,11.5
"697","2022","Alphen aan den Rijn",15600,"18 jaar of ouder","Gemeente  ",20.8,9.3
"698","2022","Alphen-Chaam",1300,"18 jaar of ouder","Gemeente  ",16.9,6.5
"699","2022","Altena",8200,"18 jaar of ouder","Gemeente  ",18,7.6
"700","2022","Ameland",600,"18 jaar of ouder","Gemeente  ",18.3,8.4
"701","2022","Amersfoort",23500,"18 jaar of ouder","Gemeente  ",21.5,10.1
"702","2022","Amstelveen",13900,"18 jaar of ouder","Gemeente  ",24.2,10.4
"703","2022","Amsterdam",159400,"18 jaar of ouder","Gemeente  ",31.6,15.1
"704","2022","Apeldoorn",23000,"18 jaar of ouder","Gemeente  ",20.6,9.6
"705","2022","Arnhem",27600,"18 jaar of ouder","Gemeente  ",26.2,13.3
"706","2022","Assen",10000,"18 jaar of ouder","Gemeente  ",20.1,9.2
"707","2022","Asten",2400,"18 jaar of ouder","Gemeente  ",18.2,7.7
"708","2022","Baarle-Nassau",800,"18 jaar of ouder","Gemeente  ",18.3,7.1
"709","2022","Baarn",2800,"18 jaar of ouder","Gemeente  ",18.9,8.1
"710","2022","Barendrecht",7200,"18 jaar of ouder","Gemeente  ",20.6,8.8
"711","2022","Barneveld",9600,"18 jaar of ouder","Gemeente  ",17.4,7.8
"712","2022","Beek (L.)",1800,NA,NA,NA,NA
"713","2022","Beekdaelen",4000,"18 jaar of ouder","Gemeente  ",20.9,8.7
"714","2022","Beesel",1700,"18 jaar of ouder","Gemeente  ",19.8,8.6
"715","2022","Berg en Dal",4400,"18 jaar of ouder","Gemeente  ",18.4,7.9
"716","2022","Bergeijk",2600,"18 jaar of ouder","Gemeente  ",17.5,6.8
"717","2022","Bergen (L.)",1600,"18 jaar of ouder","Gemeente  ",18.8,7.7
"718","2022","Bergen (NH.)",3600,"18 jaar of ouder","Gemeente  ",16.9,6.9
"719","2022","Bergen op Zoom",9000,"18 jaar of ouder","Gemeente  ",23.5,10.8
"720","2022","Berkelland",5900,"18 jaar of ouder","Gemeente  ",15.5,7.2
"721","2022","Bernheze",4800,"18 jaar of ouder","Gemeente  ",17.1,7.2
"722","2022","Best",4300,"18 jaar of ouder","Gemeente  ",19.5,8.3
"723","2022","Beuningen",3300,"18 jaar of ouder","Gemeente  ",17.8,7.8
"724","2022","Beverwijk",5800,"18 jaar of ouder","Gemeente  ",23.7,11.8
"725","2022","De Bilt",5300,"18 jaar of ouder","Gemeente  ",18.9,7.8
"726","2022","Bladel",2900,"18 jaar of ouder","Gemeente  ",17.8,7
"727","2022","Blaricum",1300,"18 jaar of ouder","Gemeente  ",16.1,6.6
"728","2022","Bloemendaal",2800,"18 jaar of ouder","Gemeente  ",15.5,6
"729","2022","Bodegraven-Reeuwijk",5000,"18 jaar of ouder","Gemeente  ",18.4,7.8
"730","2022","Boekel",1700,"18 jaar of ouder","Gemeente  ",16.6,7.1
"731","2022","Borger-Odoorn",3100,"18 jaar of ouder","Gemeente  ",17.9,7.9
"732","2022","Borne",3100,"18 jaar of ouder","Gemeente  ",16.9,7.7
"733","2022","Borsele",3200,"18 jaar of ouder","Gemeente  ",17.5,7.1
"734","2022","Boxtel",4700,"18 jaar of ouder","Gemeente  ",19.5,8.5
"735","2022","Breda",30900,"18 jaar of ouder","Gemeente  ",23.7,10.6
"736","2022","Bronckhorst",4800,"18 jaar of ouder","Gemeente  ",15.3,6.6
"737","2022","Brummen",2500,"18 jaar of ouder","Gemeente  ",17.5,7.9
"738","2022","Brunssum",3200,"18 jaar of ouder","Gemeente  ",26,12.1
"739","2022","Bunnik",1900,"18 jaar of ouder","Gemeente  ",16.7,6.4
"740","2022","Bunschoten",3400,"18 jaar of ouder","Gemeente  ",17.6,8
"741","2022","Buren",3700,"18 jaar of ouder","Gemeente  ",16.7,7
"742","2022","Capelle aan den IJssel",9100,"18 jaar of ouder","Gemeente  ",24.3,11.5
"743","2022","Castricum",4700,"18 jaar of ouder","Gemeente  ",17.2,7.2
"744","2022","Coevorden",4700,"18 jaar of ouder","Gemeente  ",17.4,8
"745","2022","Cranendonck",2700,"18 jaar of ouder","Gemeente  ",18.7,7.5
"746","2022","Culemborg",3900,"18 jaar of ouder","Gemeente  ",20.7,9.4
"747","2022","Dalfsen",4200,"18 jaar of ouder","Gemeente  ",15.2,6.3
"748","2022","Dantumadiel",2600,"18 jaar of ouder","Gemeente  ",17.5,7.3
"749","2022","Delft",26500,"18 jaar of ouder","Gemeente  ",27.8,13
"750","2022","Deurne",4500,"18 jaar of ouder","Gemeente  ",18.2,7.8
"751","2022","Deventer",15400,"18 jaar of ouder","Gemeente  ",22.2,11.1
"752","2022","Diemen",6400,"18 jaar of ouder","Gemeente  ",27.5,12.2
"753","2022","Dijk en Waard",12500,"18 jaar of ouder","Gemeente  ",20.2,9.2
"754","2022","Dinkelland",4200,"18 jaar of ouder","Gemeente  ",15.6,6.2
"755","2022","Doesburg",1400,"18 jaar of ouder","Gemeente  ",21.3,10.4
"756","2022","Doetinchem",8300,"18 jaar of ouder","Gemeente  ",19.9,9.7
"757","2022","Dongen",3600,"18 jaar of ouder","Gemeente  ",19.9,8.6
"758","2022","Dordrecht",17200,"18 jaar of ouder","Gemeente  ",25.4,12.1
"759","2022","Drechterland",2800,"18 jaar of ouder","Gemeente  ",17.4,7.4
"760","2022","Drimmelen",3500,"18 jaar of ouder","Gemeente  ",18.4,7.5
"761","2022","Dronten",6500,"18 jaar of ouder","Gemeente  ",19.5,9.1
"762","2022","Druten",2700,"18 jaar of ouder","Gemeente  ",18.3,8.2
"763","2022","Duiven",3400,"18 jaar of ouder","Gemeente  ",18.5,8.4
"764","2022","Echt-Susteren",3700,"18 jaar of ouder","Gemeente  ",21.4,8.7
"765","2022","Edam-Volendam",5500,"18 jaar of ouder","Gemeente  ",17.5,7.4
"766","2022","Ede",18800,"18 jaar of ouder","Gemeente  ",19.5,8.9
"767","2022","Eemnes",1300,"18 jaar of ouder","Gemeente  ",16.8,6.9
"768","2022","Eemsdelta",5800,"18 jaar of ouder","Gemeente  ",22.1,10
"769","2022","Eersel",2600,"18 jaar of ouder","Gemeente  ",17,6.7
"770","2022","Eijsden-Margraten",2900,"18 jaar of ouder","Gemeente  ",18.5,7.1
"771","2022","Eindhoven",43200,"18 jaar of ouder","Gemeente  ",26,12.4
"772","2022","Elburg",3500,"18 jaar of ouder","Gemeente  ",17.6,8
"773","2022","Emmen",14800,"18 jaar of ouder","Gemeente  ",20.7,10
"774","2022","Enkhuizen",2400,"18 jaar of ouder","Gemeente  ",21.7,9.7
"775","2022","Enschede",31700,"18 jaar of ouder","Gemeente  ",24.8,12.8
"776","2022","Epe",4200,"18 jaar of ouder","Gemeente  ",17.4,7.7
"777","2022","Ermelo",3900,"18 jaar of ouder","Gemeente  ",17.9,7.9
"778","2022","Etten-Leur",5800,"18 jaar of ouder","Gemeente  ",21.6,9.4
"779","2022","De Fryske Marren",6900,"18 jaar of ouder","Gemeente  ",16.5,7.1
"780","2022","Geertruidenberg",2900,"18 jaar of ouder","Gemeente  ",20,8.7
"781","2022","Geldrop-Mierlo",5300,"18 jaar of ouder","Gemeente  ",20.1,8.7
"782","2022","Gemert-Bakel",4100,"18 jaar of ouder","Gemeente  ",18,7.8
"783","2022","Gennep",2300,"18 jaar of ouder","Gemeente  ",18.4,7.9
"784","2022","Gilze en Rijen",3600,"18 jaar of ouder","Gemeente  ",19.9,8.7
"785","2022","Goeree-Overflakkee",6900,"18 jaar of ouder","Gemeente  ",18.8,7.8
"786","2022","Goes",5200,"18 jaar of ouder","Gemeente  ",20.3,8.5
"787","2022","Goirle",2800,"18 jaar of ouder","Gemeente  ",18.4,7.4
"788","2022","Gooise Meren",7300,"18 jaar of ouder","Gemeente  ",19.3,7.9
"789","2022","Gorinchem",5600,"18 jaar of ouder","Gemeente  ",24,11.6
"790","2022","Gouda",10900,"18 jaar of ouder","Gemeente  ",23.9,11
"791","2022","'s-Gravenhage (gemeente)",89000,NA,NA,NA,NA
"792","2022","Groningen (gemeente)",63200,NA,NA,NA,NA
"793","2022","Gulpen-Wittem",1500,"18 jaar of ouder","Gemeente  ",19.7,8.2
"794","2022","Haaksbergen",3300,"18 jaar of ouder","Gemeente  ",16.4,7.3
"795","2022","Haarlem",21000,"18 jaar of ouder","Gemeente  ",23.9,11.3
"796","2022","Haarlemmermeer",23600,"18 jaar of ouder","Gemeente  ",20.6,9.4
"797","2022","Halderberge",3900,"18 jaar of ouder","Gemeente  ",20.1,8.5
"798","2022","Hardenberg",9400,"18 jaar of ouder","Gemeente  ",16.5,7.6
"799","2022","Harderwijk",6900,"18 jaar of ouder","Gemeente  ",20.8,9.7
"800","2022","Hardinxveld-Giessendam",2900,"18 jaar of ouder","Gemeente  ",18.5,8
"801","2022","Harlingen",2100,"18 jaar of ouder","Gemeente  ",18.3,8.4
"802","2022","Hattem",1700,"18 jaar of ouder","Gemeente  ",16.1,6.9
"803","2022","Heemskerk",5200,"18 jaar of ouder","Gemeente  ",21,9.8
"804","2022","Heemstede",2900,"18 jaar of ouder","Gemeente  ",17,6.7
"805","2022","Heerde",2400,"18 jaar of ouder","Gemeente  ",15.9,6.9
"806","2022","Heerenveen",7100,"18 jaar of ouder","Gemeente  ",18.8,8.4
"807","2022","Heerlen",10900,"18 jaar of ouder","Gemeente  ",29.2,14.4
"808","2022","Heeze-Leende",2100,"18 jaar of ouder","Gemeente  ",16.6,6.4
"809","2022","Heiloo",3100,"18 jaar of ouder","Gemeente  ",17.4,7.3
"810","2022","Den Helder",7200,"18 jaar of ouder","Gemeente  ",22,11.1
"811","2022","Hellendoorn",5200,"18 jaar of ouder","Gemeente  ",16.1,7.1
"812","2022","Helmond",13900,"18 jaar of ouder","Gemeente  ",23.7,11.5
"813","2022","Hendrik-Ido-Ambacht",4300,"18 jaar of ouder","Gemeente  ",20,8.7
"814","2022","Hengelo (O.)",12500,NA,NA,NA,NA
"815","2022","'s-Hertogenbosch",23100,"18 jaar of ouder","Gemeente  ",22.2,10.3
"816","2022","Heumen",2100,"18 jaar of ouder","Gemeente  ",16.8,6.8
"817","2022","Heusden",6000,"18 jaar of ouder","Gemeente  ",19,8.2
"818","2022","Hillegom",2900,"18 jaar of ouder","Gemeente  ",20,9.1
"819","2022","Hilvarenbeek",2000,"18 jaar of ouder","Gemeente  ",16.4,6.2
"820","2022","Hilversum",12400,"18 jaar of ouder","Gemeente  ",23.2,10.4
"821","2022","Hoeksche Waard",11700,"18 jaar of ouder","Gemeente  ",18.5,7.6
"822","2022","Hof van Twente",4900,"18 jaar of ouder","Gemeente  ",15.7,6.8
"823","2022","Het Hogeland",6100,"18 jaar of ouder","Gemeente  ",18.9,8
"824","2022","Hollands Kroon",7000,"18 jaar of ouder","Gemeente  ",18.3,8.2
"825","2022","Hoogeveen",8000,"18 jaar of ouder","Gemeente  ",19.3,9.1
"826","2022","Hoorn",10500,"18 jaar of ouder","Gemeente  ",22.2,10.5
"827","2022","Horst aan de Maas",6000,"18 jaar of ouder","Gemeente  ",18.4,7.4
"828","2022","Houten",7100,"18 jaar of ouder","Gemeente  ",18.2,7.7
"829","2022","Huizen",5100,"18 jaar of ouder","Gemeente  ",20.2,9
"830","2022","Hulst",3100,"18 jaar of ouder","Gemeente  ",21.3,8.8
"831","2022","IJsselstein",5000,"18 jaar of ouder","Gemeente  ",20.8,9.3
"832","2022","Kaag en Braassem",3700,"18 jaar of ouder","Gemeente  ",18,7.7
"833","2022","Kampen",8700,"18 jaar of ouder","Gemeente  ",19.5,8.9
"834","2022","Kapelle",1800,"18 jaar of ouder","Gemeente  ",16.9,6.5
"835","2022","Katwijk",9700,"18 jaar of ouder","Gemeente  ",19.5,8.8
"836","2022","Kerkrade",4900,"18 jaar of ouder","Gemeente  ",27,12.5
"837","2022","Koggenland",3400,"18 jaar of ouder","Gemeente  ",17,7.2
"838","2022","Krimpen aan den IJssel",4200,"18 jaar of ouder","Gemeente  ",21,9.3
"839","2022","Krimpenerwaard",8300,"18 jaar of ouder","Gemeente  ",18.6,8
"840","2022","Laarbeek",3100,"18 jaar of ouder","Gemeente  ",17.2,7.3
"841","2022","Land van Cuijk",12400,"18 jaar of ouder","Gemeente  ",17.8,7.7
"842","2022","Landgraaf",4100,"18 jaar of ouder","Gemeente  ",24.9,11.2
"843","2022","Landsmeer",1400,"18 jaar of ouder","Gemeente  ",18.8,7.9
"844","2022","Lansingerland",8600,"18 jaar of ouder","Gemeente  ",18.5,7.8
"845","2022","Laren (NH.)",1200,NA,NA,NA,NA
"846","2022","Leeuwarden",22800,"18 jaar of ouder","Gemeente  ",22.3,10.2
"847","2022","Leiden",28100,"18 jaar of ouder","Gemeente  ",26.3,12.5
"848","2022","Leiderdorp",3500,"18 jaar of ouder","Gemeente  ",20.2,8.8
"849","2022","Leidschendam-Voorburg",9000,"18 jaar of ouder","Gemeente  ",22.6,10
"850","2022","Lelystad",12100,"18 jaar of ouder","Gemeente  ",23.6,11.5
"851","2022","Leudal",4700,"18 jaar of ouder","Gemeente  ",18.8,7.3
"852","2022","Leusden",4000,"18 jaar of ouder","Gemeente  ",17.1,7.3
"853","2022","Lingewaard",6300,"18 jaar of ouder","Gemeente  ",17,7.2
"854","2022","Lisse",3000,"18 jaar of ouder","Gemeente  ",19.2,8.3
"855","2022","Lochem",4100,"18 jaar of ouder","Gemeente  ",15.2,6.5
"856","2022","Loon op Zand",3000,"18 jaar of ouder","Gemeente  ",19.1,8.2
"857","2022","Lopik",2300,"18 jaar of ouder","Gemeente  ",17.5,7.4
"858","2022","Losser",3100,"18 jaar of ouder","Gemeente  ",20.4,8.2
"859","2022","Maasdriel",3500,"18 jaar of ouder","Gemeente  ",18.3,7.7
"860","2022","Maasgouw",2800,"18 jaar of ouder","Gemeente  ",19.3,7.6
"861","2022","Maashorst",8000,"18 jaar of ouder","Gemeente  ",18.9,8.5
"862","2022","Maassluis",4500,"18 jaar of ouder","Gemeente  ",24.9,11.5
"863","2022","Maastricht",29000,"18 jaar of ouder","Gemeente  ",28.6,13.5
"864","2022","Medemblik",6500,"18 jaar of ouder","Gemeente  ",18.3,8
"865","2022","Meerssen",2100,"18 jaar of ouder","Gemeente  ",20,8
"866","2022","Meierijstad",11400,"18 jaar of ouder","Gemeente  ",18.4,8.1
"867","2022","Meppel",5300,"18 jaar of ouder","Gemeente  ",19.5,9.3
"868","2022","Middelburg (Z.)",7400,NA,NA,NA,NA
"869","2022","Midden-Delfland",2700,"18 jaar of ouder","Gemeente  ",17.9,7.4
"870","2022","Midden-Drenthe",4500,"18 jaar of ouder","Gemeente  ",16.2,7
"871","2022","Midden-Groningen",7900,"18 jaar of ouder","Gemeente  ",21.6,10
"872","2022","Moerdijk",4900,"18 jaar of ouder","Gemeente  ",19.9,8.4
"873","2022","Molenlanden",7300,"18 jaar of ouder","Gemeente  ",17.4,7.3
"874","2022","Montferland",4900,"18 jaar of ouder","Gemeente  ",18.5,8.4
"875","2022","Montfoort",2100,"18 jaar of ouder","Gemeente  ",17.3,7.2
"876","2022","Mook en Middelaar",1000,"18 jaar of ouder","Gemeente  ",16.6,6.5
"877","2022","Neder-Betuwe",4000,"18 jaar of ouder","Gemeente  ",17.9,7.9
"878","2022","Nederweert",2300,"18 jaar of ouder","Gemeente  ",17.9,7.1
"879","2022","Nieuwegein",8600,"18 jaar of ouder","Gemeente  ",22.6,10.4
"880","2022","Nieuwkoop",3900,"18 jaar of ouder","Gemeente  ",17.2,7.2
"881","2022","Nijkerk",6400,"18 jaar of ouder","Gemeente  ",17.7,7.8
"882","2022","Nijmegen",38800,"18 jaar of ouder","Gemeente  ",25.5,12.2
"883","2022","Nissewaard",11200,"18 jaar of ouder","Gemeente  ",23.8,11.1
"884","2022","Noardeast-Fryslân",6400,"18 jaar of ouder","Gemeente  ",17.6,7.5
"885","2022","Noord-Beveland",800,"18 jaar of ouder","Gemeente  ",17.8,7.3
"886","2022","Noordenveld",3500,"18 jaar of ouder","Gemeente  ",15.7,6.3
"887","2022","Noordoostpolder",7500,"18 jaar of ouder","Gemeente  ",19.3,8.9
"888","2022","Noordwijk",5800,"18 jaar of ouder","Gemeente  ",19.4,8.5
"889","2022","Nuenen, Gerwen en Nederwetten",2800,"18 jaar of ouder","Gemeente  ",16.7,6.7
"890","2022","Nunspeet",4100,"18 jaar of ouder","Gemeente  ",17.2,7.6
"891","2022","Oegstgeest",3200,"18 jaar of ouder","Gemeente  ",18.1,7.4
"892","2022","Oirschot",2600,"18 jaar of ouder","Gemeente  ",16.5,6.4
"893","2022","Oisterwijk",4200,"18 jaar of ouder","Gemeente  ",17.6,7
"894","2022","Oldambt",4900,"18 jaar of ouder","Gemeente  ",22.8,10.1
"895","2022","Oldebroek",3500,"18 jaar of ouder","Gemeente  ",16.8,7.6
"896","2022","Oldenzaal",4400,"18 jaar of ouder","Gemeente  ",18.8,8.8
"897","2022","Olst-Wijhe",2600,"18 jaar of ouder","Gemeente  ",16.1,6.9
"898","2022","Ommen",2500,"18 jaar of ouder","Gemeente  ",15.8,7
"899","2022","Oost Gelre",4200,"18 jaar of ouder","Gemeente  ",15,7.2
"900","2022","Oosterhout",7100,"18 jaar of ouder","Gemeente  ",21.9,9.7
"901","2022","Ooststellingwerf",3200,"18 jaar of ouder","Gemeente  ",17.1,7.4
"902","2022","Oostzaan",1300,"18 jaar of ouder","Gemeente  ",18.5,7.6
"903","2022","Opmeer",1800,"18 jaar of ouder","Gemeente  ",17.2,7.5
"904","2022","Opsterland",4100,"18 jaar of ouder","Gemeente  ",16.3,6.8
"905","2022","Oss",13400,"18 jaar of ouder","Gemeente  ",21.2,10
"906","2022","Oude IJsselstreek",5300,"18 jaar of ouder","Gemeente  ",18.2,8.5
"907","2022","Ouder-Amstel",1900,"18 jaar of ouder","Gemeente  ",20.9,8.6
"908","2022","Oudewater",1400,"18 jaar of ouder","Gemeente  ",17.5,7.1
"909","2022","Overbetuwe",6500,"18 jaar of ouder","Gemeente  ",17.6,7.6
"910","2022","Papendrecht",4400,"18 jaar of ouder","Gemeente  ",21.3,9.6
"911","2022","Peel en Maas",6000,"18 jaar of ouder","Gemeente  ",18.4,7.5
"912","2022","Pekela",1600,"18 jaar of ouder","Gemeente  ",22.8,11.1
"913","2022","Pijnacker-Nootdorp",8600,"18 jaar of ouder","Gemeente  ",19.1,8.1
"914","2022","Purmerend",12700,"18 jaar of ouder","Gemeente  ",22.3,10.3
"915","2022","Putten",3600,"18 jaar of ouder","Gemeente  ",16.9,7.4
"916","2022","Raalte",5200,"18 jaar of ouder","Gemeente  ",15.7,6.6
"917","2022","Reimerswaal",3600,"18 jaar of ouder","Gemeente  ",20.4,9.1
"918","2022","Renkum",3400,"18 jaar of ouder","Gemeente  ",17.6,7.5
"919","2022","Renswoude",900,"18 jaar of ouder","Gemeente  ",16.5,7
"920","2022","Reusel-De Mierden",1700,"18 jaar of ouder","Gemeente  ",17.4,6.8
"921","2022","Rheden",5500,"18 jaar of ouder","Gemeente  ",20.8,9.7
"922","2022","Rhenen",2800,"18 jaar of ouder","Gemeente  ",17.6,7.8
"923","2022","Ridderkerk",5900,"18 jaar of ouder","Gemeente  ",22.1,10.1
"924","2022","Rijssen-Holten",6000,"18 jaar of ouder","Gemeente  ",16.5,7.2
"925","2022","Rijswijk (ZH.)",6600,NA,NA,NA,NA
"926","2022","Roerdalen",2200,"18 jaar of ouder","Gemeente  ",21.2,8.9
"927","2022","Roermond",7600,"18 jaar of ouder","Gemeente  ",25.7,11.6
"928","2022","De Ronde Venen",5900,"18 jaar of ouder","Gemeente  ",18.4,7.8
"929","2022","Roosendaal",10600,"18 jaar of ouder","Gemeente  ",23.5,10.6
"930","2022","Rotterdam",114600,"18 jaar of ouder","Gemeente  ",30.6,15.6
"931","2022","Rozendaal",200,"18 jaar of ouder","Gemeente  ",11.8,4.3
"932","2022","Rucphen",2800,"18 jaar of ouder","Gemeente  ",19.8,8.3
"933","2022","Schagen",6600,"18 jaar of ouder","Gemeente  ",18,7.7
"934","2022","Scherpenzeel",1600,"18 jaar of ouder","Gemeente  ",17.4,7.3
"935","2022","Schiedam",11300,"18 jaar of ouder","Gemeente  ",28.2,13.7
"936","2022","Schiermonnikoog",100,"18 jaar of ouder","Gemeente  ",19.4,8.9
"937","2022","Schouwen-Duiveland",4000,"18 jaar of ouder","Gemeente  ",18,7.1
"938","2022","Simpelveld",1200,"18 jaar of ouder","Gemeente  ",21.9,9.4
"939","2022","Sint-Michielsgestel",3900,"18 jaar of ouder","Gemeente  ",16.1,6.5
"940","2022","Sittard-Geleen",11600,"18 jaar of ouder","Gemeente  ",25.1,11.6
"941","2022","Sliedrecht",3700,"18 jaar of ouder","Gemeente  ",21.8,10
"942","2022","Sluis",2500,"18 jaar of ouder","Gemeente  ",18.8,8.2
"943","2022","Smallingerland",7800,"18 jaar of ouder","Gemeente  ",19.5,8.8
"944","2022","Soest",6300,"18 jaar of ouder","Gemeente  ",19.6,8.8
"945","2022","Someren",2700,"18 jaar of ouder","Gemeente  ",17.9,7.4
"946","2022","Son en Breugel",2200,"18 jaar of ouder","Gemeente  ",17.2,6.9
"947","2022","Stadskanaal",4100,"18 jaar of ouder","Gemeente  ",21.4,10.1
"948","2022","Staphorst",3100,"18 jaar of ouder","Gemeente  ",15.4,6.5
"949","2022","Stede Broec",3100,"18 jaar of ouder","Gemeente  ",19.6,8.5
"950","2022","Steenbergen",3100,"18 jaar of ouder","Gemeente  ",20.3,8.6
"951","2022","Steenwijkerland",6100,"18 jaar of ouder","Gemeente  ",17.7,8
"952","2022","Stein (L.)",2900,NA,NA,NA,NA
"953","2022","Stichtse Vecht",8100,"18 jaar of ouder","Gemeente  ",19.1,8.2
"954","2022","Súdwest-Fryslân",12200,"18 jaar of ouder","Gemeente  ",17.8,7.9
"955","2022","Terneuzen",6600,"18 jaar of ouder","Gemeente  ",21.1,8.8
"956","2022","Terschelling",900,"18 jaar of ouder","Gemeente  ",17.3,7.3
"957","2022","Texel",1700,"18 jaar of ouder","Gemeente  ",18,7.6
"958","2022","Teylingen",5400,"18 jaar of ouder","Gemeente  ",18.6,8.1
"959","2022","Tholen",3900,"18 jaar of ouder","Gemeente  ",20.1,8.7
"960","2022","Tiel",6300,"18 jaar of ouder","Gemeente  ",23.4,11.3
"961","2022","Tilburg",43100,"18 jaar of ouder","Gemeente  ",26.1,12.2
"962","2022","Tubbergen",3500,"18 jaar of ouder","Gemeente  ",14.8,6
"963","2022","Twenterand",5200,"18 jaar of ouder","Gemeente  ",16.8,7.9
"964","2022","Tynaarlo",3700,"18 jaar of ouder","Gemeente  ",15.1,5.9
"965","2022","Tytsjerksteradiel",4300,"18 jaar of ouder","Gemeente  ",16.4,6.7
"966","2022","Uitgeest",2000,"18 jaar of ouder","Gemeente  ",17.8,7.7
"967","2022","Uithoorn",4200,"18 jaar of ouder","Gemeente  ",21.5,9.5
"968","2022","Urk",4200,"18 jaar of ouder","Gemeente  ",16.9,7.8
"969","2022","Utrecht (gemeente)",72400,NA,NA,NA,NA
"970","2022","Utrechtse Heuvelrug",6200,"18 jaar of ouder","Gemeente  ",17.3,7.2
"971","2022","Vaals",1500,"18 jaar of ouder","Gemeente  ",24.8,11.4
"972","2022","Valkenburg aan de Geul",1700,"18 jaar of ouder","Gemeente  ",21.5,8.9
"973","2022","Valkenswaard",3800,"18 jaar of ouder","Gemeente  ",20.3,8.7
"974","2022","Veendam",3700,"18 jaar of ouder","Gemeente  ",22.2,11
"975","2022","Veenendaal",10200,"18 jaar of ouder","Gemeente  ",20.8,9.9
"976","2022","Veere",2600,"18 jaar of ouder","Gemeente  ",14.8,5.7
"977","2022","Veldhoven",5800,"18 jaar of ouder","Gemeente  ",19.6,8.3
"978","2022","Velsen",9200,"18 jaar of ouder","Gemeente  ",21.2,10.1
"979","2022","Venlo",14000,"18 jaar of ouder","Gemeente  ",23.7,11
"980","2022","Venray",6100,"18 jaar of ouder","Gemeente  ",20.5,9
"981","2022","Vijfheerenlanden",8100,"18 jaar of ouder","Gemeente  ",19.9,9.1
"982","2022","Vlaardingen",9800,"18 jaar of ouder","Gemeente  ",26.9,12.8
"983","2022","Vlieland",200,"18 jaar of ouder","Gemeente  ",17.3,9
"984","2022","Vlissingen",5900,"18 jaar of ouder","Gemeente  ",22.6,10.2
"985","2022","Voerendaal",1300,"18 jaar of ouder","Gemeente  ",19.9,8.5
"986","2022","Voorne aan Zee",9000,NA,NA,NA,NA
"987","2022","Voorschoten",3300,"18 jaar of ouder","Gemeente  ",18.8,8
"988","2022","Voorst",3200,"18 jaar of ouder","Gemeente  ",15.6,6.7
"989","2022","Vught",3600,"18 jaar of ouder","Gemeente  ",17.7,7.3
"990","2022","Waadhoeke",6300,"18 jaar of ouder","Gemeente  ",17.1,7.7
"991","2022","Waalre",2000,"18 jaar of ouder","Gemeente  ",17.4,6.7
"992","2022","Waalwijk",6600,"18 jaar of ouder","Gemeente  ",21.4,9.7
"993","2022","Waddinxveen",4200,"18 jaar of ouder","Gemeente  ",20.4,9.1
"994","2022","Wageningen",11300,"18 jaar of ouder","Gemeente  ",25.4,11.9
"995","2022","Wassenaar",3500,"18 jaar of ouder","Gemeente  ",19.2,8.2
"996","2022","Waterland",2200,"18 jaar of ouder","Gemeente  ",17.7,7
"997","2022","Weert",6800,"18 jaar of ouder","Gemeente  ",21.7,9.3
"998","2022","West Betuwe",7600,"18 jaar of ouder","Gemeente  ",17.3,7.3
"999","2022","West Maas en Waal",2400,"18 jaar of ouder","Gemeente  ",17.2,7.3
"1000","2022","Westerkwartier",8600,"18 jaar of ouder","Gemeente  ",16.4,6.8
"1001","2022","Westerveld",2200,"18 jaar of ouder","Gemeente  ",15.1,6.1
"1002","2022","Westervoort",1700,"18 jaar of ouder","Gemeente  ",19.9,9.3
"1003","2022","Westerwolde",3400,"18 jaar of ouder","Gemeente  ",19.7,8.4
"1004","2022","Westland",15700,"18 jaar of ouder","Gemeente  ",19.2,8.4
"1005","2022","Weststellingwerf",3300,"18 jaar of ouder","Gemeente  ",17.5,7.7
"1006","2022","Wierden",3600,"18 jaar of ouder","Gemeente  ",15,6.5
"1007","2022","Wijchen",5700,"18 jaar of ouder","Gemeente  ",18.3,8.1
"1008","2022","Wijdemeren",2900,"18 jaar of ouder","Gemeente  ",17.2,6.9
"1009","2022","Wijk bij Duurstede",3100,"18 jaar of ouder","Gemeente  ",17.8,7.7
"1010","2022","Winterswijk",4000,"18 jaar of ouder","Gemeente  ",18.7,8.7
"1011","2022","Woensdrecht",2700,"18 jaar of ouder","Gemeente  ",19.9,8.4
"1012","2022","Woerden",7500,"18 jaar of ouder","Gemeente  ",19.2,8.4
"1013","2022","De Wolden",3200,"18 jaar of ouder","Gemeente  ",15,6.1
"1014","2022","Wormerland",2300,"18 jaar of ouder","Gemeente  ",20.1,8.8
"1015","2022","Woudenberg",2100,"18 jaar of ouder","Gemeente  ",17,7.3
"1016","2022","Zaanstad",22000,"18 jaar of ouder","Gemeente  ",25.4,12.3
"1017","2022","Zaltbommel",4800,"18 jaar of ouder","Gemeente  ",19.1,8.3
"1018","2022","Zandvoort",1900,"18 jaar of ouder","Gemeente  ",21,9.9
"1019","2022","Zeewolde",3700,"18 jaar of ouder","Gemeente  ",19.4,8.6
"1020","2022","Zeist",9500,"18 jaar of ouder","Gemeente  ",21.4,9.5
"1021","2022","Zevenaar",5600,"18 jaar of ouder","Gemeente  ",19.5,9
"1022","2022","Zoetermeer",16900,"18 jaar of ouder","Gemeente  ",23.4,11.1
"1023","2022","Zoeterwoude",1200,"18 jaar of ouder","Gemeente  ",17.5,7.1
"1024","2022","Zuidplas",6100,"18 jaar of ouder","Gemeente  ",19.1,8.3
"1025","2022","Zundert",2900,"18 jaar of ouder","Gemeente  ",18.5,7.4
"1026","2022","Zutphen",6500,"18 jaar of ouder","Gemeente  ",20.5,10.1
"1027","2022","Zwartewaterland",3800,"18 jaar of ouder","Gemeente  ",16.6,7.3
"1028","2022","Zwijndrecht",5900,"18 jaar of ouder","Gemeente  ",23.9,11.1
"1029","2022","Zwolle",21300,"18 jaar of ouder","Gemeente  ",21.6,10.3
"1030","2023*","Nederland",2668600,NA,NA,NA,NA
"1031","2023*","Aa en Hunze",2900,NA,NA,NA,NA
"1032","2023*","Aalsmeer",5000,NA,NA,NA,NA
"1033","2023*","Aalten",3600,NA,NA,NA,NA
"1034","2023*","Achtkarspelen",4100,NA,NA,NA,NA
"1035","2023*","Alblasserdam",2900,NA,NA,NA,NA
"1036","2023*","Albrandswaard",3600,NA,NA,NA,NA
"1037","2023*","Alkmaar",14800,NA,NA,NA,NA
"1038","2023*","Almelo",11000,NA,NA,NA,NA
"1039","2023*","Almere",32900,NA,NA,NA,NA
"1040","2023*","Alphen aan den Rijn",15700,NA,NA,NA,NA
"1041","2023*","Alphen-Chaam",1300,NA,NA,NA,NA
"1042","2023*","Altena",8300,NA,NA,NA,NA
"1043","2023*","Ameland",500,NA,NA,NA,NA
"1044","2023*","Amersfoort",23600,NA,NA,NA,NA
"1045","2023*","Amstelveen",14100,NA,NA,NA,NA
"1046","2023*","Amsterdam",165000,NA,NA,NA,NA
"1047","2023*","Apeldoorn",23200,NA,NA,NA,NA
"1048","2023*","Arnhem",27900,NA,NA,NA,NA
"1049","2023*","Assen",10100,NA,NA,NA,NA
"1050","2023*","Asten",2300,NA,NA,NA,NA
"1051","2023*","Baarle-Nassau",800,NA,NA,NA,NA
"1052","2023*","Baarn",2800,NA,NA,NA,NA
"1053","2023*","Barendrecht",7200,NA,NA,NA,NA
"1054","2023*","Barneveld",9700,NA,NA,NA,NA
"1055","2023*","Beek (L.)",1800,NA,NA,NA,NA
"1056","2023*","Beekdaelen",3900,NA,NA,NA,NA
"1057","2023*","Beesel",1700,NA,NA,NA,NA
"1058","2023*","Berg en Dal",4400,NA,NA,NA,NA
"1059","2023*","Bergeijk",2600,NA,NA,NA,NA
"1060","2023*","Bergen (L.)",1600,NA,NA,NA,NA
"1061","2023*","Bergen (NH.)",3500,NA,NA,NA,NA
"1062","2023*","Bergen op Zoom",9000,NA,NA,NA,NA
"1063","2023*","Berkelland",5800,NA,NA,NA,NA
"1064","2023*","Bernheze",4700,NA,NA,NA,NA
"1065","2023*","Best",4200,NA,NA,NA,NA
"1066","2023*","Beuningen",3300,NA,NA,NA,NA
"1067","2023*","Beverwijk",5800,NA,NA,NA,NA
"1068","2023*","De Bilt",5300,NA,NA,NA,NA
"1069","2023*","Bladel",2800,NA,NA,NA,NA
"1070","2023*","Blaricum",1300,NA,NA,NA,NA
"1071","2023*","Bloemendaal",2800,NA,NA,NA,NA
"1072","2023*","Bodegraven-Reeuwijk",4900,NA,NA,NA,NA
"1073","2023*","Boekel",1700,NA,NA,NA,NA
"1074","2023*","Borger-Odoorn",3000,NA,NA,NA,NA
"1075","2023*","Borne",3000,NA,NA,NA,NA
"1076","2023*","Borsele",3100,NA,NA,NA,NA
"1077","2023*","Boxtel",4700,NA,NA,NA,NA
"1078","2023*","Breda",31800,NA,NA,NA,NA
"1079","2023*","Bronckhorst",4700,NA,NA,NA,NA
"1080","2023*","Brummen",2500,NA,NA,NA,NA
"1081","2023*","Brunssum",3200,NA,NA,NA,NA
"1082","2023*","Bunnik",1900,NA,NA,NA,NA
"1083","2023*","Bunschoten",3400,NA,NA,NA,NA
"1084","2023*","Buren",3600,NA,NA,NA,NA
"1085","2023*","Capelle aan den IJssel",9200,NA,NA,NA,NA
"1086","2023*","Castricum",4600,NA,NA,NA,NA
"1087","2023*","Coevorden",4600,NA,NA,NA,NA
"1088","2023*","Cranendonck",2600,NA,NA,NA,NA
"1089","2023*","Culemborg",3800,NA,NA,NA,NA
"1090","2023*","Dalfsen",4200,NA,NA,NA,NA
"1091","2023*","Dantumadiel",2600,NA,NA,NA,NA
"1092","2023*","Delft",28300,NA,NA,NA,NA
"1093","2023*","Deurne",4500,NA,NA,NA,NA
"1094","2023*","Deventer",15300,NA,NA,NA,NA
"1095","2023*","Diemen",6200,NA,NA,NA,NA
"1096","2023*","Dijk en Waard",12500,NA,NA,NA,NA
"1097","2023*","Dinkelland",4000,NA,NA,NA,NA
"1098","2023*","Doesburg",1300,NA,NA,NA,NA
"1099","2023*","Doetinchem",8300,NA,NA,NA,NA
"1100","2023*","Dongen",3500,NA,NA,NA,NA
"1101","2023*","Dordrecht",17200,NA,NA,NA,NA
"1102","2023*","Drechterland",2800,NA,NA,NA,NA
"1103","2023*","Drimmelen",3500,NA,NA,NA,NA
"1104","2023*","Dronten",6800,NA,NA,NA,NA
"1105","2023*","Druten",2600,NA,NA,NA,NA
"1106","2023*","Duiven",3400,NA,NA,NA,NA
"1107","2023*","Echt-Susteren",3600,NA,NA,NA,NA
"1108","2023*","Edam-Volendam",5400,NA,NA,NA,NA
"1109","2023*","Ede",19200,NA,NA,NA,NA
"1110","2023*","Eemnes",1300,NA,NA,NA,NA
"1111","2023*","Eemsdelta",5700,NA,NA,NA,NA
"1112","2023*","Eersel",2500,NA,NA,NA,NA
"1113","2023*","Eijsden-Margraten",2800,NA,NA,NA,NA
"1114","2023*","Eindhoven",44600,NA,NA,NA,NA
"1115","2023*","Elburg",3500,NA,NA,NA,NA
"1116","2023*","Emmen",14900,NA,NA,NA,NA
"1117","2023*","Enkhuizen",2500,NA,NA,NA,NA
"1118","2023*","Enschede",31900,NA,NA,NA,NA
"1119","2023*","Epe",4000,NA,NA,NA,NA
"1120","2023*","Ermelo",3900,NA,NA,NA,NA
"1121","2023*","Etten-Leur",5900,NA,NA,NA,NA
"1122","2023*","De Fryske Marren",6700,NA,NA,NA,NA
"1123","2023*","Geertruidenberg",2900,NA,NA,NA,NA
"1124","2023*","Geldrop-Mierlo",5300,NA,NA,NA,NA
"1125","2023*","Gemert-Bakel",4000,NA,NA,NA,NA
"1126","2023*","Gennep",2300,NA,NA,NA,NA
"1127","2023*","Gilze en Rijen",3700,NA,NA,NA,NA
"1128","2023*","Goeree-Overflakkee",6800,NA,NA,NA,NA
"1129","2023*","Goes",5000,NA,NA,NA,NA
"1130","2023*","Goirle",2900,NA,NA,NA,NA
"1131","2023*","Gooise Meren",7100,NA,NA,NA,NA
"1132","2023*","Gorinchem",5500,NA,NA,NA,NA
"1133","2023*","Gouda",10700,NA,NA,NA,NA
"1134","2023*","'s-Gravenhage (gemeente)",89800,NA,NA,NA,NA
"1135","2023*","Groningen (gemeente)",67300,NA,NA,NA,NA
"1136","2023*","Gulpen-Wittem",1400,NA,NA,NA,NA
"1137","2023*","Haaksbergen",3200,NA,NA,NA,NA
"1138","2023*","Haarlem",21300,NA,NA,NA,NA
"1139","2023*","Haarlemmermeer",24000,NA,NA,NA,NA
"1140","2023*","Halderberge",3900,NA,NA,NA,NA
"1141","2023*","Hardenberg",9400,NA,NA,NA,NA
"1142","2023*","Harderwijk",6900,NA,NA,NA,NA
"1143","2023*","Hardinxveld-Giessendam",2900,NA,NA,NA,NA
"1144","2023*","Harlingen",2100,NA,NA,NA,NA
"1145","2023*","Hattem",1600,NA,NA,NA,NA
"1146","2023*","Heemskerk",5100,NA,NA,NA,NA
"1147","2023*","Heemstede",2900,NA,NA,NA,NA
"1148","2023*","Heerde",2400,NA,NA,NA,NA
"1149","2023*","Heerenveen",7000,NA,NA,NA,NA
"1150","2023*","Heerlen",11000,NA,NA,NA,NA
"1151","2023*","Heeze-Leende",2000,NA,NA,NA,NA
"1152","2023*","Heiloo",3000,NA,NA,NA,NA
"1153","2023*","Den Helder",7200,NA,NA,NA,NA
"1154","2023*","Hellendoorn",5100,NA,NA,NA,NA
"1155","2023*","Helmond",14000,NA,NA,NA,NA
"1156","2023*","Hendrik-Ido-Ambacht",4400,NA,NA,NA,NA
"1157","2023*","Hengelo (O.)",12700,NA,NA,NA,NA
"1158","2023*","'s-Hertogenbosch",23300,NA,NA,NA,NA
"1159","2023*","Heumen",2100,NA,NA,NA,NA
"1160","2023*","Heusden",5900,NA,NA,NA,NA
"1161","2023*","Hillegom",2900,NA,NA,NA,NA
"1162","2023*","Hilvarenbeek",2000,NA,NA,NA,NA
"1163","2023*","Hilversum",12400,NA,NA,NA,NA
"1164","2023*","Hoeksche Waard",11700,NA,NA,NA,NA
"1165","2023*","Hof van Twente",4800,NA,NA,NA,NA
"1166","2023*","Het Hogeland",6100,NA,NA,NA,NA
"1167","2023*","Hollands Kroon",6900,NA,NA,NA,NA
"1168","2023*","Hoogeveen",8200,NA,NA,NA,NA
"1169","2023*","Hoorn",10500,NA,NA,NA,NA
"1170","2023*","Horst aan de Maas",6000,NA,NA,NA,NA
"1171","2023*","Houten",7200,NA,NA,NA,NA
"1172","2023*","Huizen",5000,NA,NA,NA,NA
"1173","2023*","Hulst",3000,NA,NA,NA,NA
"1174","2023*","IJsselstein",5000,NA,NA,NA,NA
"1175","2023*","Kaag en Braassem",3700,NA,NA,NA,NA
"1176","2023*","Kampen",8800,NA,NA,NA,NA
"1177","2023*","Kapelle",1700,NA,NA,NA,NA
"1178","2023*","Katwijk",9700,NA,NA,NA,NA
"1179","2023*","Kerkrade",4900,NA,NA,NA,NA
"1180","2023*","Koggenland",3400,NA,NA,NA,NA
"1181","2023*","Krimpen aan den IJssel",4200,NA,NA,NA,NA
"1182","2023*","Krimpenerwaard",8300,NA,NA,NA,NA
"1183","2023*","Laarbeek",3000,NA,NA,NA,NA
"1184","2023*","Land van Cuijk",12400,NA,NA,NA,NA
"1185","2023*","Landgraaf",4100,NA,NA,NA,NA
"1186","2023*","Landsmeer",1400,NA,NA,NA,NA
"1187","2023*","Lansingerland",8900,NA,NA,NA,NA
"1188","2023*","Laren (NH.)",1100,NA,NA,NA,NA
"1189","2023*","Leeuwarden",23500,NA,NA,NA,NA
"1190","2023*","Leiden",30500,NA,NA,NA,NA
"1191","2023*","Leiderdorp",3600,NA,NA,NA,NA
"1192","2023*","Leidschendam-Voorburg",9000,NA,NA,NA,NA
"1193","2023*","Lelystad",12200,NA,NA,NA,NA
"1194","2023*","Leudal",4500,NA,NA,NA,NA
"1195","2023*","Leusden",4000,NA,NA,NA,NA
"1196","2023*","Lingewaard",6200,NA,NA,NA,NA
"1197","2023*","Lisse",3000,NA,NA,NA,NA
"1198","2023*","Lochem",4000,NA,NA,NA,NA
"1199","2023*","Loon op Zand",2900,NA,NA,NA,NA
"1200","2023*","Lopik",2300,NA,NA,NA,NA
"1201","2023*","Losser",3100,NA,NA,NA,NA
"1202","2023*","Maasdriel",3500,NA,NA,NA,NA
"1203","2023*","Maasgouw",2700,NA,NA,NA,NA
"1204","2023*","Maashorst",8000,NA,NA,NA,NA
"1205","2023*","Maassluis",4600,NA,NA,NA,NA
"1206","2023*","Maastricht",31200,NA,NA,NA,NA
"1207","2023*","Medemblik",6400,NA,NA,NA,NA
"1208","2023*","Meerssen",2100,NA,NA,NA,NA
"1209","2023*","Meierijstad",11300,NA,NA,NA,NA
"1210","2023*","Meppel",5300,NA,NA,NA,NA
"1211","2023*","Middelburg (Z.)",7300,NA,NA,NA,NA
"1212","2023*","Midden-Delfland",2600,NA,NA,NA,NA
"1213","2023*","Midden-Drenthe",4400,NA,NA,NA,NA
"1214","2023*","Midden-Groningen",7900,NA,NA,NA,NA
"1215","2023*","Moerdijk",4900,NA,NA,NA,NA
"1216","2023*","Molenlanden",7300,NA,NA,NA,NA
"1217","2023*","Montferland",4800,NA,NA,NA,NA
"1218","2023*","Montfoort",2000,NA,NA,NA,NA
"1219","2023*","Mook en Middelaar",1000,NA,NA,NA,NA
"1220","2023*","Neder-Betuwe",4100,NA,NA,NA,NA
"1221","2023*","Nederweert",2200,NA,NA,NA,NA
"1222","2023*","Nieuwegein",8600,NA,NA,NA,NA
"1223","2023*","Nieuwkoop",3800,NA,NA,NA,NA
"1224","2023*","Nijkerk",6500,NA,NA,NA,NA
"1225","2023*","Nijmegen",41600,NA,NA,NA,NA
"1226","2023*","Nissewaard",11300,NA,NA,NA,NA
"1227","2023*","Noardeast-Fryslân",6400,NA,NA,NA,NA
"1228","2023*","Noord-Beveland",800,NA,NA,NA,NA
"1229","2023*","Noordenveld",3400,NA,NA,NA,NA
"1230","2023*","Noordoostpolder",7500,NA,NA,NA,NA
"1231","2023*","Noordwijk",5800,NA,NA,NA,NA
"1232","2023*","Nuenen, Gerwen en Nederwetten",2800,NA,NA,NA,NA
"1233","2023*","Nunspeet",4100,NA,NA,NA,NA
"1234","2023*","Oegstgeest",3200,NA,NA,NA,NA
"1235","2023*","Oirschot",2600,NA,NA,NA,NA
"1236","2023*","Oisterwijk",4200,NA,NA,NA,NA
"1237","2023*","Oldambt",5000,NA,NA,NA,NA
"1238","2023*","Oldebroek",3500,NA,NA,NA,NA
"1239","2023*","Oldenzaal",4300,NA,NA,NA,NA
"1240","2023*","Olst-Wijhe",2500,NA,NA,NA,NA
"1241","2023*","Ommen",2500,NA,NA,NA,NA
"1242","2023*","Oost Gelre",4100,NA,NA,NA,NA
"1243","2023*","Oosterhout",7200,NA,NA,NA,NA
"1244","2023*","Ooststellingwerf",3100,NA,NA,NA,NA
"1245","2023*","Oostzaan",1300,NA,NA,NA,NA
"1246","2023*","Opmeer",1700,NA,NA,NA,NA
"1247","2023*","Opsterland",4000,NA,NA,NA,NA
"1248","2023*","Oss",13300,NA,NA,NA,NA
"1249","2023*","Oude IJsselstreek",5200,NA,NA,NA,NA
"1250","2023*","Ouder-Amstel",1900,NA,NA,NA,NA
"1251","2023*","Oudewater",1400,NA,NA,NA,NA
"1252","2023*","Overbetuwe",6500,NA,NA,NA,NA
"1253","2023*","Papendrecht",4400,NA,NA,NA,NA
"1254","2023*","Peel en Maas",6000,NA,NA,NA,NA
"1255","2023*","Pekela",1700,NA,NA,NA,NA
"1256","2023*","Pijnacker-Nootdorp",8700,NA,NA,NA,NA
"1257","2023*","Purmerend",12700,NA,NA,NA,NA
"1258","2023*","Putten",3600,NA,NA,NA,NA
"1259","2023*","Raalte",5100,NA,NA,NA,NA
"1260","2023*","Reimerswaal",3600,NA,NA,NA,NA
"1261","2023*","Renkum",3400,NA,NA,NA,NA
"1262","2023*","Renswoude",900,NA,NA,NA,NA
"1263","2023*","Reusel-De Mierden",1700,NA,NA,NA,NA
"1264","2023*","Rheden",5500,NA,NA,NA,NA
"1265","2023*","Rhenen",2800,NA,NA,NA,NA
"1266","2023*","Ridderkerk",6000,NA,NA,NA,NA
"1267","2023*","Rijssen-Holten",5900,NA,NA,NA,NA
"1268","2023*","Rijswijk (ZH.)",7100,NA,NA,NA,NA
"1269","2023*","Roerdalen",2200,NA,NA,NA,NA
"1270","2023*","Roermond",7800,NA,NA,NA,NA
"1271","2023*","De Ronde Venen",5900,NA,NA,NA,NA
"1272","2023*","Roosendaal",10500,NA,NA,NA,NA
"1273","2023*","Rotterdam",117100,NA,NA,NA,NA
"1274","2023*","Rozendaal",200,NA,NA,NA,NA
"1275","2023*","Rucphen",2800,NA,NA,NA,NA
"1276","2023*","Schagen",6700,NA,NA,NA,NA
"1277","2023*","Scherpenzeel",1500,NA,NA,NA,NA
"1278","2023*","Schiedam",11400,NA,NA,NA,NA
"1279","2023*","Schiermonnikoog",100,NA,NA,NA,NA
"1280","2023*","Schouwen-Duiveland",3900,NA,NA,NA,NA
"1281","2023*","Simpelveld",1100,NA,NA,NA,NA
"1282","2023*","Sint-Michielsgestel",3800,NA,NA,NA,NA
"1283","2023*","Sittard-Geleen",11700,NA,NA,NA,NA
"1284","2023*","Sliedrecht",3700,NA,NA,NA,NA
"1285","2023*","Sluis",2500,NA,NA,NA,NA
"1286","2023*","Smallingerland",7800,NA,NA,NA,NA
"1287","2023*","Soest",6200,NA,NA,NA,NA
"1288","2023*","Someren",2600,NA,NA,NA,NA
"1289","2023*","Son en Breugel",2200,NA,NA,NA,NA
"1290","2023*","Stadskanaal",4100,NA,NA,NA,NA
"1291","2023*","Staphorst",3100,NA,NA,NA,NA
"1292","2023*","Stede Broec",3000,NA,NA,NA,NA
"1293","2023*","Steenbergen",3000,NA,NA,NA,NA
"1294","2023*","Steenwijkerland",6000,NA,NA,NA,NA
"1295","2023*","Stein (L.)",2800,NA,NA,NA,NA
"1296","2023*","Stichtse Vecht",8100,NA,NA,NA,NA
"1297","2023*","Súdwest-Fryslân",12000,NA,NA,NA,NA
"1298","2023*","Terneuzen",6500,NA,NA,NA,NA
"1299","2023*","Terschelling",800,NA,NA,NA,NA
"1300","2023*","Texel",1600,NA,NA,NA,NA
"1301","2023*","Teylingen",5200,NA,NA,NA,NA
"1302","2023*","Tholen",3800,NA,NA,NA,NA
"1303","2023*","Tiel",6300,NA,NA,NA,NA
"1304","2023*","Tilburg",44000,NA,NA,NA,NA
"1305","2023*","Tubbergen",3400,NA,NA,NA,NA
"1306","2023*","Twenterand",5200,NA,NA,NA,NA
"1307","2023*","Tynaarlo",3700,NA,NA,NA,NA
"1308","2023*","Tytsjerksteradiel",4300,NA,NA,NA,NA
"1309","2023*","Uitgeest",1900,NA,NA,NA,NA
"1310","2023*","Uithoorn",4200,NA,NA,NA,NA
"1311","2023*","Urk",4100,NA,NA,NA,NA
"1312","2023*","Utrecht (gemeente)",75900,NA,NA,NA,NA
"1313","2023*","Utrechtse Heuvelrug",6200,NA,NA,NA,NA
"1314","2023*","Vaals",1400,NA,NA,NA,NA
"1315","2023*","Valkenburg aan de Geul",1700,NA,NA,NA,NA
"1316","2023*","Valkenswaard",3800,NA,NA,NA,NA
"1317","2023*","Veendam",3600,NA,NA,NA,NA
"1318","2023*","Veenendaal",10300,NA,NA,NA,NA
"1319","2023*","Veere",2600,NA,NA,NA,NA
"1320","2023*","Veldhoven",5800,NA,NA,NA,NA
"1321","2023*","Velsen",9200,NA,NA,NA,NA
"1322","2023*","Venlo",13900,NA,NA,NA,NA
"1323","2023*","Venray",6000,NA,NA,NA,NA
"1324","2023*","Vijfheerenlanden",8200,NA,NA,NA,NA
"1325","2023*","Vlaardingen",10100,NA,NA,NA,NA
"1326","2023*","Vlieland",200,NA,NA,NA,NA
"1327","2023*","Vlissingen",6000,NA,NA,NA,NA
"1328","2023*","Voerendaal",1300,NA,NA,NA,NA
"1329","2023*","Voorne aan Zee",9000,NA,NA,NA,NA
"1330","2023*","Voorschoten",3300,NA,NA,NA,NA
"1331","2023*","Voorst",3200,NA,NA,NA,NA
"1332","2023*","Vught",3600,NA,NA,NA,NA
"1333","2023*","Waadhoeke",6300,NA,NA,NA,NA
"1334","2023*","Waalre",2000,NA,NA,NA,NA
"1335","2023*","Waalwijk",6700,NA,NA,NA,NA
"1336","2023*","Waddinxveen",4300,NA,NA,NA,NA
"1337","2023*","Wageningen",12400,NA,NA,NA,NA
"1338","2023*","Wassenaar",3500,NA,NA,NA,NA
"1339","2023*","Waterland",2100,NA,NA,NA,NA
"1340","2023*","Weert",6600,NA,NA,NA,NA
"1341","2023*","West Betuwe",7700,NA,NA,NA,NA
"1342","2023*","West Maas en Waal",2400,NA,NA,NA,NA
"1343","2023*","Westerkwartier",8500,NA,NA,NA,NA
"1344","2023*","Westerveld",2200,NA,NA,NA,NA
"1345","2023*","Westervoort",1800,NA,NA,NA,NA
"1346","2023*","Westerwolde",3200,NA,NA,NA,NA
"1347","2023*","Westland",15900,NA,NA,NA,NA
"1348","2023*","Weststellingwerf",3300,NA,NA,NA,NA
"1349","2023*","Wierden",3500,NA,NA,NA,NA
"1350","2023*","Wijchen",5700,NA,NA,NA,NA
"1351","2023*","Wijdemeren",2900,NA,NA,NA,NA
"1352","2023*","Wijk bij Duurstede",3000,NA,NA,NA,NA
"1353","2023*","Winterswijk",3900,NA,NA,NA,NA
"1354","2023*","Woensdrecht",2600,NA,NA,NA,NA
"1355","2023*","Woerden",7600,NA,NA,NA,NA
"1356","2023*","De Wolden",3100,NA,NA,NA,NA
"1357","2023*","Wormerland",2300,NA,NA,NA,NA
"1358","2023*","Woudenberg",2100,NA,NA,NA,NA
"1359","2023*","Zaanstad",22400,NA,NA,NA,NA
"1360","2023*","Zaltbommel",4800,NA,NA,NA,NA
"1361","2023*","Zandvoort",1900,NA,NA,NA,NA
"1362","2023*","Zeewolde",3500,NA,NA,NA,NA
"1363","2023*","Zeist",9400,NA,NA,NA,NA
"1364","2023*","Zevenaar",5600,NA,NA,NA,NA
"1365","2023*","Zoetermeer",17200,NA,NA,NA,NA
"1366","2023*","Zoeterwoude",1300,NA,NA,NA,NA
"1367","2023*","Zuidplas",6200,NA,NA,NA,NA
"1368","2023*","Zundert",2800,NA,NA,NA,NA
"1369","2023*","Zutphen",6500,NA,NA,NA,NA
"1370","2023*","Zwartewaterland",3700,NA,NA,NA,NA
"1371","2023*","Zwijndrecht",5900,NA,NA,NA,NA
"1372","2023*","Zwolle",21300,NA,NA,NA,NA
"1373","2020","Beek",NA,"18 jaar of ouder","Gemeente  ",NA,6.9
"1374","2020","Brielle",NA,"18 jaar of ouder","Gemeente  ",NA,5.4
"1375","2020","'s-Gravenhage",NA,"18 jaar of ouder","Gemeente  ",NA,10
"1376","2020","Groningen",NA,"18 jaar of ouder","Gemeente  ",NA,7.1
"1377","2020","Hellevoetsluis",NA,"18 jaar of ouder","Gemeente  ",NA,6.5
"1378","2020","Hengelo",NA,"18 jaar of ouder","Gemeente  ",NA,7
"1379","2020","Laren",NA,"18 jaar of ouder","Gemeente  ",NA,3.9
"1380","2020","Middelburg",NA,"18 jaar of ouder","Gemeente  ",NA,6.1
"1381","2020","Rijswijk",NA,"18 jaar of ouder","Gemeente  ",NA,7.6
"1382","2020","Stein",NA,"18 jaar of ouder","Gemeente  ",NA,6.7
"1383","2020","Utrecht",NA,"18 jaar of ouder","Gemeente  ",NA,7.9
"1384","2020","Weesp",NA,"18 jaar of ouder","Gemeente  ",NA,6.4
"1385","2020","Westvoorne",NA,"18 jaar of ouder","Gemeente  ",NA,4.6
"1386","2022","Beek",NA,"18 jaar of ouder","Gemeente  ",21.3,9
"1387","2022","Brielle",NA,"18 jaar of ouder","Gemeente  ",18.6,7.8
"1388","2022","'s-Gravenhage",NA,"18 jaar of ouder","Gemeente  ",29.7,14.9
"1389","2022","Groningen",NA,"18 jaar of ouder","Gemeente  ",25.9,11.7
"1390","2022","Hellevoetsluis",NA,"18 jaar of ouder","Gemeente  ",21.3,9.5
"1391","2022","Hengelo",NA,"18 jaar of ouder","Gemeente  ",21.5,10.7
"1392","2022","Laren",NA,"18 jaar of ouder","Gemeente  ",15.8,6
"1393","2022","Middelburg",NA,"18 jaar of ouder","Gemeente  ",21.2,9.3
"1394","2022","Rijswijk",NA,"18 jaar of ouder","Gemeente  ",25.1,12.5
"1395","2022","Stein",NA,"18 jaar of ouder","Gemeente  ",21.2,8.9
"1396","2022","Utrecht",NA,"18 jaar of ouder","Gemeente  ",27,12.6
"1397","2022","Weesp",NA,"18 jaar of ouder","Gemeente  ",22.7,9.7
"1398","2022","Westvoorne",NA,"18 jaar of ouder","Gemeente  ",16.1,6.5
